iso-3166-1;country;city
AD;Andorra;Andorra la Vella;42.50631740000001;1.5218355
AD;Andorra;Encamp;42.5362652;1.5830224
AD;Andorra;Escaldes-Engordany;42.5100804;1.5387862
AD;Andorra;La Massana;42.545625;1.5147392
AD;Andorra;Ordino;42.5556547;1.5330732
AD;Andorra;Sant Julia de Loria;42.4657861;1.4921277
AE;United Arab Emirates;Abu Dhabi;24.2991738;54.6972774
AE;United Arab Emirates;Ajman;25.4052165;55.5136433
AE;United Arab Emirates;Dubai;25.2048493;55.2707828
AE;United Arab Emirates;Fujairah;25.1288099;56.3264849
AE;United Arab Emirates;Ras Al Khaimah;25.8006926;55.9761994
AE;United Arab Emirates;Sharjah;25.3223269;55.5136433
AE;United Arab Emirates;Umm Al Quwain;25.5132336;55.5690835
AF;Afghanistan;Badakhshan;36.7347725;70.81199529999999
AF;Afghanistan;Badghis;35.1671339;63.7695384
AF;Afghanistan;Baghlan;36.17890260000001;68.74530639999999
AF;Afghanistan;Balkh;36.7550603;66.8975372
AF;Afghanistan;Bamian;34.9073296;67.1894488
AF;Afghanistan;Daykondi;33.669495;66.0463534
AF;Afghanistan;Farah;32.495328;62.2626627
AF;Afghanistan;Faryab;36.0795613;64.90595499999999
AF;Afghanistan;Ghazni;33.4982289;67.7615983
AF;Afghanistan;Ghowr;34.0995776;64.90595499999999
AF;Afghanistan;Helmand;31.3636474;63.95861110000001
AF;Afghanistan;Herat;34.352865;62.20402869999999
AF;Afghanistan;Jowzjan;36.8969692;65.6658568
AF;Afghanistan;Kabol;34.5755033;69.2400734
AF;Afghanistan;Kandahar;31.628871;65.7371749
AF;Afghanistan;Kapisa;34.9810572;69.6214562
AF;Afghanistan;Khowst;33.3585079;69.8597406
AF;Afghanistan;Konar;34.8465893;71.097317
AF;Afghanistan;Kondoz;36.7285907;68.8680663
AF;Afghanistan;Laghman;34.6897687;70.1455805
AF;Afghanistan;Lowgar;34.0145518;69.1923916
AF;Afghanistan;Nangarhar;34.1718313;70.6216794
AF;Afghanistan;Nimruz;31.0261488;62.4504154
AF;Afghanistan;Nurestan;35.3250223;70.90712359999999
AF;Afghanistan;Oruzgan;32.9271287;66.1415263
AF;Afghanistan;Paktia;33.706199;69.3831079
AF;Afghanistan;Paktika;32.2645386;68.52471489999999
AF;Afghanistan;Panjshir;35.3350467;69.7167783
AF;Afghanistan;Parvan;34.9630977;68.81088489999999
AF;Afghanistan;Samangan;35.9807296;67.57085359999999
AF;Afghanistan;Sar-e Pol;36.216628;65.93336
AF;Afghanistan;Takhar;36.6698013;69.4784541
AF;Afghanistan;Vardak;34.3513494;68.2385339
AF;Afghanistan;Zabol;32.1918782;67.1894488
AG;Antigua and Barbuda;Antigua and Barbuda;17.060816;-61.796428
AG;Antigua and Barbuda;Saint John;17.1274104;-61.84677199999999
AG;Antigua and Barbuda;Saint Mary;17.0512064;-61.87602829999999
AG;Antigua and Barbuda;Saint Paul;17.0371588;-61.7824256
AL;Albania;Berat;40.7086377;19.9437314
AL;Albania;Diber;41.5888163;20.2355647
AL;Albania;Durres;41.3328072;19.4616074
AL;Albania;Elbasan;41.11023;20.0866554
AL;Albania;Fier;40.9191392;19.6639309
AL;Albania;Gjirokaster;40.0672874;20.1045229
AL;Albania;Korce;40.6140785;20.7778071
AL;Albania;Kukes;42.0807464;20.4142923
AL;Albania;Lezhe;41.78607299999999;19.6460758
AL;Albania;Shkoder;42.0692985;19.5032559
AL;Albania;Tirane;41.3275459;19.8186982
AL;Albania;Vlore;40.4660668;19.491356
AM;Armenia;Aragatsotn;40.2591212;44.1793418
AM;Armenia;Ararat;39.9753273;44.8338058
AM;Armenia;Armavir;40.1315615;43.8325355
AM;Armenia;Geghark'unik';40.38636959999999;45.3355097
AM;Armenia;Kotayk';40.4277896;44.6641741
AM;Armenia;Lorri;40.96984519999999;44.4900138
AM;Armenia;Shirak;40.8384463;43.91423959999999
AM;Armenia;Syunik';39.2028881;46.4798169
AM;Armenia;Tavush;40.9152268;45.4032387
AM;Armenia;Vayots' Dzor;39.8107912;45.4967174
AM;Armenia;Yerevan;40.1791857;44.4991029
AO;Angola;Bengo;-9.104225699999999;13.7289167
AO;Angola;Benguela;-12.5905158;13.416501
AO;Angola;Bie;-12.5727907;17.668887
AO;Angola;Cabinda;-5.570573899999999;12.197583
AO;Angola;Cuando Cubango;-16.4180824;18.8076195
AO;Angola;Cuanza Norte;-9.2398513;14.6587821
AO;Angola;Cuanza Sul;-10.595191;15.4068079
AO;Angola;Cunene;-16.2802221;16.1580937
AO;Angola;Huambo;-12.7739761;15.7468535
AO;Angola;Huila;-14.9280553;14.6587821
AO;Angola;Luanda;-8.839987599999999;13.2894368
AO;Angola;Lunda Norte;-8.352502200000002;19.1880047
AO;Angola;Lunda Sul;-10.2866578;20.7122465
AO;Angola;Malanje;-9.5418224;16.3346061
AO;Angola;Moxico;-13.4293579;20.3308814
AO;Angola;Namibe;-15.1978317;12.1575544
AO;Angola;Uige;-7.6102105;15.0615865
AO;Angola;Zaire;-6.573345799999999;13.1740348
AR;Argentina;Buenos Aires;-34.6036844;-58.3815591
AR;Argentina;Catamarca;-28.469581;-65.7795441
AR;Argentina;Chaco;-27.4257175;-59.02437839999999
AR;Argentina;Chubut;-43.2934246;-65.11148179999999
AR;Argentina;Cordoba;-31.42008329999999;-64.1887761
AR;Argentina;Corrientes;-27.4692131;-58.8306349
AR;Argentina;Entre Rios;-31.7746654;-60.49564609999999
AR;Argentina;Formosa;-26.1857768;-58.1755669
AR;Argentina;Jujuy;-24.1857864;-65.2994767
AR;Argentina;La Pampa;-36.6147573;-64.2839209
AR;Argentina;La Rioja;-29.4134538;-66.8564579
AR;Argentina;Mendoza;-32.8894587;-68.8458386
AR;Argentina;Misiones;-27.4269255;-55.9467076
AR;Argentina;Neuquen;-38.9516784;-68.0591888
AR;Argentina;Rio Negro;-40.8261434;-63.0266339
AR;Argentina;Salta;-24.7830773;-65.4103739
AR;Argentina;San Juan;-31.5351074;-68.5385941
AR;Argentina;San Luis;-33.3017267;-66.3377522
AR;Argentina;Santa Cruz;-51.6352821;-69.24743529999999
AR;Argentina;Santa Fe;-31.6106578;-60.697294
AR;Argentina;Santiago del Estero;-27.7833574;-64.264167
AR;Argentina;Tierra del Fuego;-54.8053998;-68.3242061
AR;Argentina;Tucuman;-26.8082848;-65.2175903
AT;Austria;Burgenland;47.15371649999999;16.2688797
AT;Austria;Karnten;46.722203;14.1805881
AT;Austria;Niederosterreich;48.10807699999999;15.8049558
AT;Austria;Oberosterreich;48.025854;13.9723665
AT;Austria;Salzburg;47.80949;13.05501
AT;Austria;Steiermark;47.3593442;14.4699827
AT;Austria;Tirol;47.2537414;11.601487
AT;Austria;Vorarlberg;47.2497427;9.9797373
AT;Austria;Wien;48.2081743;16.3738189
AU;Australia;Australian Capital Territory;-35.4734679;149.0123679
AU;Australia;New South Wales;-33.864174;151.2052868
AU;Australia;Northern Territory;-19.4914108;132.5509603
AU;Australia;Queensland;-20.9175738;142.7027956
AU;Australia;South Australia;-30.0002315;136.2091547
AU;Australia;Tasmania;-41.3650419;146.6284905
AU;Australia;Victoria;-37.4713077;144.7851531
AU;Australia;Western Australia;-27.6728168;121.6283098
AZ;Azerbaijan;Abseron;40.3629693;49.2736815
AZ;Azerbaijan;Agcabadi;40.0257239;47.3290937
AZ;Azerbaijan;Agdam;39.5554533;46.9507608
AZ;Azerbaijan;Agdas;40.6335427;47.467431
AZ;Azerbaijan;Agstafa;41.1124969;45.447689
AZ;Azerbaijan;Agsu;40.5742298;48.3896404
AZ;Azerbaijan;Ali Bayramli;39.9265747;48.9205727
AZ;Azerbaijan;Astara;38.4687834;48.8728029
AZ;Azerbaijan;Baki;40.40926169999999;49.8670924
AZ;Azerbaijan;Balakan;41.7037509;46.4044213
AZ;Azerbaijan;Barda;40.3706555;47.1378909
AZ;Azerbaijan;Beylaqan;39.7723073;47.6154166
AZ;Azerbaijan;Bilasuvar;39.4598833;48.5509813
AZ;Azerbaijan;Cabrayil;39.3986767;47.0245235
AZ;Azerbaijan;Calilabad;39.2051632;48.5100604
AZ;Azerbaijan;Daskasan;40.5202257;46.0779304
AZ;Azerbaijan;Fuzuli;39.6024762;47.1523402
AZ;Azerbaijan;Gadabay;40.5087904;45.67288509999999
AZ;Azerbaijan;Ganca;40.6878581;46.3723313
AZ;Azerbaijan;Goranboy;40.60731639999999;46.7807131
AZ;Azerbaijan;Goycay;40.6236168;47.74030339999999
AZ;Azerbaijan;Haciqabul;40.03937699999999;48.9202532
AZ;Azerbaijan;Imisli;39.8694686;48.0665217
AZ;Azerbaijan;Ismayilli;40.7871438;48.1523426
AZ;Azerbaijan;Kalbacar;40.1315615;46.1674645
AZ;Azerbaijan;Lacin;39.63834140000001;46.5460853
AZ;Azerbaijan;Lankaran;38.7528669;48.8475015
AZ;Azerbaijan;Lerik;38.7736192;48.4151483
AZ;Azerbaijan;Masalli;39.0340722;48.6589354
AZ;Azerbaijan;Mingacevir;40.7702563;47.0496015
AZ;Azerbaijan;Naftalan;40.5075632;46.8239786
AZ;Azerbaijan;Naxcivan;39.2009126;45.4082269
AZ;Azerbaijan;Neftcala;39.3881052;49.2413743
AZ;Azerbaijan;Oguz;41.0727924;47.4650672
AZ;Azerbaijan;Qabala;40.9981633;47.8699826
AZ;Azerbaijan;Qax;41.4206827;46.9320184
AZ;Azerbaijan;Qazax;41.0971074;45.3516331
AZ;Azerbaijan;Qobustan;40.0877962;49.4030219
AZ;Azerbaijan;Quba;41.3643024;48.5260928
AZ;Azerbaijan;Qubadli;39.2713996;46.6354312
AZ;Azerbaijan;Qusar;41.4266886;48.4345577
AZ;Azerbaijan;Saatli;39.9095503;48.3595122
AZ;Azerbaijan;Sabirabad;39.9870663;48.4692545
AZ;Azerbaijan;Saki;41.1974753;47.1571241
AZ;Azerbaijan;Salyan;39.5779145;48.9718588
AZ;Azerbaijan;Samaxi;40.63187310000001;48.6363801
AZ;Azerbaijan;Samkir;40.88123969999999;46.0179009
AZ;Azerbaijan;Samux;40.7604631;46.4063181
AZ;Azerbaijan;Sumqayit;40.5854765;49.6317411
AZ;Azerbaijan;Susa;39.7537438;46.7464755
AZ;Azerbaijan;Tartar;40.3443875;46.9376519
AZ;Azerbaijan;Tovuz;40.9954523;45.6165907
AZ;Azerbaijan;Ucar;40.5067525;47.6489641
AZ;Azerbaijan;Xacmaz;41.4591168;48.80206260000001
AZ;Azerbaijan;Xankandi;39.8265268;46.7655621
AZ;Azerbaijan;Xanlar;40.5008523;46.3454855
AZ;Azerbaijan;Xizi;40.9109489;49.07292640000001
AZ;Azerbaijan;Xocali;39.9132553;46.794305
AZ;Azerbaijan;Xocavand;39.7060287;47.064533
AZ;Azerbaijan;Yardimli;38.9058917;48.24961270000001
AZ;Azerbaijan;Yevlax;40.6196638;47.1500324
AZ;Azerbaijan;Zangilan;39.0318935;46.6265379
AZ;Azerbaijan;Zaqatala;41.603085;46.63830799999999
AZ;Azerbaijan;Zardab;40.21481139999999;47.714944
BA;Bosnia and Herzegovina;Federation of Bosnia and Herzegovina;43.8874897;17.842793
BA;Bosnia and Herzegovina;Republika Srpska;44.7280186;17.3148136
BB;Barbados;Christ Church;13.083735;-59.52967419999999
BB;Barbados;Saint James;13.1939911;-59.6276259
BB;Barbados;Saint Joseph;13.2040088;-59.54695439999999
BB;Barbados;Saint Michael;13.1132219;-59.59880889999999
BB;Barbados;Saint Peter;13.2600459;-59.621862
BD;Bangladesh;Barisal;22.7029212;90.3465971
BD;Bangladesh;Chittagong;22.3475365;91.8123324
BD;Bangladesh;Dhaka;23.810332;90.4125181
BD;Bangladesh;Khulna;22.845641;89.5403279
BD;Bangladesh;Rajshahi;24.3635886;88.62413509999999
BD;Bangladesh;Rangpur;25.7438916;89.275227
BD;Bangladesh;Sylhet;24.904539;91.8611011
BE;Belgium;Antwerpen;51.2194475;4.4024643
BE;Belgium;Brabant Wallon;50.633241;4.524315
BE;Belgium;Brussels Hoofdstedelijk Gewest;50.8503463;4.3517211
BE;Belgium;Hainaut;50.5257076;4.062101699999999
BE;Belgium;Liege;50.6325574;5.5796662
BE;Belgium;Limburg;50.6203121;5.9418935
BE;Belgium;Luxembourg;50.0546886;5.467698299999999
BE;Belgium;Namur;50.4673883;4.8719854
BE;Belgium;Oost-Vlaanderen;51.02337;3.621849999999999
BE;Belgium;Vlaams-Brabant;50.8815434;4.564597
BE;Belgium;West-Vlaanderen;51.0536024;3.1457942
BF;Burkina Faso;Bale;13.383333;0.133333
BF;Burkina Faso;Bam;13.4061979;-1.5160212
BF;Burkina Faso;Banwa;12.1323053;-4.1513764
BF;Burkina Faso;Bazega;11.9767692;-1.443469
BF;Burkina Faso;Bougouriba;10.8722646;-3.3388917
BF;Burkina Faso;Boulgou;11.4336766;-0.3748354
BF;Burkina Faso;Boulkiemde;12.3373752;-2.2236667
BF;Burkina Faso;Ganzourgou;12.2537648;-0.7532808999999999
BF;Burkina Faso;Gnagna;12.8974992;0.0746767
BF;Burkina Faso;Gourma;12.1624473;0.6773045999999999
BF;Burkina Faso;Houet;11.1320447;-4.2333355
BF;Burkina Faso;Ioba;11.0562034;-3.0175712
BF;Burkina Faso;Kadiogo;12.3425897;-1.443469
BF;Burkina Faso;Kenedougou;11.3919395;-4.976654
BF;Burkina Faso;Komoe;10.6542027;-4.780424
BF;Burkina Faso;Komondjari;12.7126527;0.6773045999999999
BF;Burkina Faso;Kompienga;11.5238362;0.7532808999999999
BF;Burkina Faso;Kossi;12.960458;-3.9062688
BF;Burkina Faso;Koulpelogo;11.5247674;0.1494988
BF;Burkina Faso;Kouritenga;12.1631813;-0.2244662
BF;Burkina Faso;Kourweogo;12.7077495;-1.7538817
BF;Burkina Faso;Leraba;10.6648785;-5.3102505
BF;Burkina Faso;Loroum;13.8129814;-2.0665197
BF;Burkina Faso;Mouhoun;12.1432381;-3.3388917
BF;Burkina Faso;Namentenga;13.0812584;-0.5257822999999999
BF;Burkina Faso;Naouri;11.2502267;-1.135302
BF;Burkina Faso;Nayala;12.6964558;-3.0175712
BF;Burkina Faso;Noumbiel;9.8440946;-2.9775558
BF;Burkina Faso;Oubritenga;12.7096087;-1.443469
BF;Burkina Faso;Oudalan;14.471902;-0.4502368
BF;Burkina Faso;Passore;12.8881221;-2.2236667
BF;Burkina Faso;Poni;10.3325996;-3.3388917
BF;Burkina Faso;Sanguie;12.1501861;-2.6983868
BF;Burkina Faso;Sanmatenga;13.3565304;-1.0586135
BF;Burkina Faso;Seno;14.0072234;-0.0746767
BF;Burkina Faso;Sissili;11.2441219;-2.2236667
BF;Burkina Faso;Soum;12.600536;-2.2728877
BF;Burkina Faso;Sourou;13.341803;-2.9375739
BF;Burkina Faso;Tapoa;12.2497072;1.6760691
BF;Burkina Faso;Tuy;11.5029004;-3.5812692
BF;Burkina Faso;Yagha;13.3576157;0.7532808999999999
BF;Burkina Faso;Yatenga;13.6249344;-2.3813621
BF;Burkina Faso;Ziro;11.6094995;-1.9099238
BF;Burkina Faso;Zondoma;13.1165926;-2.4208713
BF;Burkina Faso;Zoundweogo;11.6141174;-0.9820667999999999
BG;Bulgaria;Blagoevgrad;42.0208569;23.0943385
BG;Bulgaria;Burgas;42.50479259999999;27.4626361
BG;Bulgaria;Dobrich;43.57259;27.8272606
BG;Bulgaria;Gabrovo;42.8742212;25.3186837
BG;Bulgaria;Grad Sofiya;42.6977082;23.3218675
BG;Bulgaria;Khaskovo;41.9344178;25.5554672
BG;Bulgaria;Kurdzhali;41.6338439;25.3777119
BG;Bulgaria;Kyustendil;42.2868817;22.6939308
BG;Bulgaria;Lovech;43.1369534;24.7141906
BG;Bulgaria;Montana;43.4085161;23.2257292
BG;Bulgaria;Pazardzhik;42.1927654;24.3335662
BG;Bulgaria;Pernik;42.6051862;23.0378368
BG;Bulgaria;Pleven;43.4170423;24.6066847
BG;Bulgaria;Plovdiv;42.1354079;24.7452904
BG;Bulgaria;Razgrad;43.53367189999999;26.5411164
BG;Bulgaria;Ruse;43.83557130000001;25.9656554
BG;Bulgaria;Shumen;43.2712398;26.9361286
BG;Bulgaria;Silistra;44.1147271;27.2671901
BG;Bulgaria;Sliven;42.6816536;26.3228685
BG;Bulgaria;Smolyan;41.5774233;24.7011138
BG;Bulgaria;Sofiya;42.6977082;23.3218675
BG;Bulgaria;Stara Zagora;42.4257769;25.6344644
BG;Bulgaria;Turgovishte;43.2493556;26.5727357
BG;Bulgaria;Varna;43.2140504;27.9147333
BG;Bulgaria;Veliko Turnovo;43.0756739;25.6171514
BG;Bulgaria;Vidin;43.996159;22.8679302
BG;Bulgaria;Vratsa;43.2102375;23.5528803
BG;Bulgaria;Yambol;42.48419990000001;26.5035023
BH;Bahrain;Al Asimah;26.2285161;50.5860497
BH;Bahrain;Al Muharraq;26.2650742;50.6223267
BH;Bahrain;Al Wusta;26.1426093;50.5653294
BH;Bahrain;Ash Shamaliyah;26.1551914;50.4825173
BI;Burundi;Bubanza;-3.0837748;29.3918108
BI;Burundi;Bujumbura Mairie;-3.4146958;29.3598782
BI;Burundi;Bururi;-3.9479261;29.6238368
BI;Burundi;Cankuzo;-3.2196819;30.5466187
BI;Burundi;Cibitoke;-2.8878427;29.1230716
BI;Burundi;Gitega;-3.428803;29.924903
BI;Burundi;Karuzi;-3.1039901;30.161817
BI;Burundi;Kayanza;-2.9218531;29.6252858
BI;Burundi;Kirundo;-2.5848378;30.0961296
BI;Burundi;Makamba;-4.1384805;29.803397
BI;Burundi;Muramvya;-3.2675245;29.62238779999999
BI;Burundi;Muyinga;-2.8409385;30.3464333
BI;Burundi;Mwaro;-3.511985;29.6991642
BI;Burundi;Ngozi;-2.9083521;29.8265492
BI;Burundi;Rutana;-3.9257199;29.9899512
BI;Burundi;Ruyigi;-3.4750027;30.2483881
BJ;Benin;Alibori;10.9681093;2.7779813
BJ;Benin;Atakora;10.7954931;1.6760691
BJ;Benin;Atlantique;6.6588391;2.2236667
BJ;Benin;Borgou;9.5340864;2.7779813
BJ;Benin;Collines;8.3022297;2.302446
BJ;Benin;Donga;9.7191867;1.6760691
BJ;Benin;Kouffo;7.003589400000001;1.7538817
BJ;Benin;Littoral;6.3806973;2.4406387
BJ;Benin;Mono;6.6607182;1.7538817
BJ;Benin;Oueme;6.6148152;2.4999918
BJ;Benin;Plateau;7.3445141;2.539603
BJ;Benin;Zou;7.346926799999999;2.0665197
BN;Brunei Darussalam;Belait;4.449758;114.318703
BN;Brunei Darussalam;Brunei and Muara;4.9311206;114.9516869
BN;Brunei Darussalam;Temburong;4.6204128;115.141484
BN;Brunei Darussalam;Tutong;4.7140373;114.6667939
BO;Bolivia;Chuquisaca;-20.0249144;-64.1478236
BO;Bolivia;Cochabamba;-17.4139766;-66.1653224
BO;Bolivia;El Beni;-14.3782747;-65.0957792
BO;Bolivia;La Paz;-16.489689;-68.11929359999999
BO;Bolivia;Oruro;-17.9646772;-67.1060353
BO;Bolivia;Pando;-10.7988901;-66.9988011
BO;Bolivia;Potosi;-19.5722805;-65.7550063
BO;Bolivia;Santa Cruz;-17.8145819;-63.1560853
BO;Bolivia;Tarija;-21.5213825;-64.7280952
BQ;Bonaire, Sint Eustatius and Saba;Bonaire;12.1783611;-68.2385339
BQ;Bonaire, Sint Eustatius and Saba;Saba;17.6354642;-63.2326763
BQ;Bonaire, Sint Eustatius and Saba;Sint Eustatius;17.4890306;-62.973555
BR;Brazil;Acre;-9.0237964;-70.81199529999999
BR;Brazil;Alagoas;-9.5713058;-36.7819505
BR;Brazil;Amapa;2.0447397;-50.78742219999999
BR;Brazil;Amazonas;-3.4168427;-65.8560646
BR;Brazil;Bahia;-12.579738;-41.7007272
BR;Brazil;Ceara;-5.4983977;-39.3206241
BR;Brazil;Distrito Federal;-15.826691;-47.92182039999999
BR;Brazil;Espirito Santo;-19.1834229;-40.3088626
BR;Brazil;Goias;-15.93397;-50.1403832
BR;Brazil;Maranhao;-4.9609498;-45.2744159
BR;Brazil;Mato Grosso;-12.6818712;-56.921099
BR;Brazil;Mato Grosso do Sul;-20.7722295;-54.7851531
BR;Brazil;Minas Gerais;-18.512178;-44.5550308
BR;Brazil;Para;-1.9981271;-54.9306152
BR;Brazil;Paraiba;-7.239960900000001;-36.7819505
BR;Brazil;Parana;-25.2520888;-52.0215415
BR;Brazil;Pernambuco;-8.8137173;-36.954107
BR;Brazil;Piaui;-7.718340100000001;-42.72892359999999
BR;Brazil;Rio de Janeiro;-22.9068467;-43.1728965
BR;Brazil;Rio Grande do Norte;-5.402580299999999;-36.954107
BR;Brazil;Rio Grande do Sul;-30.0346316;-51.2176986
BR;Brazil;Rondonia;-11.5057341;-63.580611
BR;Brazil;Roraima;2.7375971;-62.0750998
BR;Brazil;Santa Catarina;-27.2423392;-50.2188556
BR;Brazil;Sao Paulo;-23.5505199;-46.63330939999999
BR;Brazil;Sergipe;-10.5740934;-37.3856581
BR;Brazil;Tocantins;-10.17528;-48.2982474
BS;Bahamas;Freeport;26.5416093;-78.64554749999999
BS;Bahamas;Fresh Creek;24.7184902;-77.8002722
BS;Bahamas;Harbour Island;25.5282318;-76.63585619999999
BS;Bahamas;High Rock;26.6239333;-78.2832069
BS;Bahamas;Long Island;23.1764239;-75.0961549
BS;Bahamas;Marsh Harbour;26.5241653;-77.09098089999999
BS;Bahamas;New Providence;25.0479835;-77.355413
BS;Bahamas;Rock Sound;24.879051;-76.1580852
BT;Bhutan;Chhukha;27.0522919;89.5756987
BT;Bhutan;Daga;27.0322861;89.8879304
BT;Bhutan;Gasa;28.0185886;89.9253233
BT;Bhutan;Ha;27.2651669;89.1705998
BT;Bhutan;Mongar;27.2753739;91.23977750000002
BT;Bhutan;Paro;27.4285949;89.4166516
BT;Bhutan;Punakha;27.5920869;89.87974589999999
BT;Bhutan;Shemgang;27.076975;90.8294002
BT;Bhutan;Thimphu;27.4727924;89.6392863
BT;Bhutan;Tongsa;27.2666292;90.52578229999999
BT;Bhutan;Trashi Yangste;27.8236356;91.44346900000001
BW;Botswana;Central;-21.1672276;26.419389
BW;Botswana;Ghanzi;-21.6960991;21.6481861
BW;Botswana;Kgalagadi;-24.7550285;21.8568586
BW;Botswana;Kgatleng;-24.1970445;26.2304616
BW;Botswana;Kweneng;-23.8367249;25.2837585
BW;Botswana;North-East;-20.9030555;27.4556388
BW;Botswana;North-West;-19.1905321;23.0011989
BW;Botswana;South-East;-24.9366094;25.8048521
BW;Botswana;Southern;-24.823384;24.7142918
BY;Belarus;Brestskaya Voblasts';52.5296641;25.460648
BY;Belarus;Homyel'skaya Voblasts';52.1648754;29.1333251
BY;Belarus;Hrodzyenskaya Voblasts';53.6599945;25.344857
BY;Belarus;Mahilyowskaya Voblasts';53.7940401;30.7519767
BY;Belarus;Minskaya Voblasts';53.4718561;27.6969909
BY;Belarus;Vitsyebskaya Voblasts';55.2959833;28.7583626
BZ;Belize;Belize;17.5045661;-88.1962133
BZ;Belize;Cayo;17.0984445;-88.94138650000001
BZ;Belize;Corozal;18.1349238;-88.24611829999999
BZ;Belize;Orange Walk;17.760353;-88.86469799999999
BZ;Belize;Stann Creek;16.8116631;-88.4016041
BZ;Belize;Toledo;16.2491923;-88.86469799999999
CA;Canada;Alberta;53.9332706;-116.5765035
CA;Canada;British Columbia;53.7266683;-127.6476206
CA;Canada;Manitoba;53.7608608;-98.81387629999999
CA;Canada;New Brunswick;46.5653163;-66.46191639999999
CA;Canada;Newfoundland and Labrador;53.1355091;-57.6604364
CA;Canada;Northwest Territories;64.8255441;-124.8457334
CA;Canada;Nova Scotia;44.68198659999999;-63.744311
CA;Canada;Nunavut;70.2997711;-83.1075769
CA;Canada;Ontario;51.253775;-85.3232139
CA;Canada;Prince Edward Island;46.510712;-63.41681359999999
CA;Canada;Quebec;52.9399159;-73.5491361
CA;Canada;Saskatchewan;52.9399159;-106.4508639
CA;Canada;Yukon Territory;64.2823274;-135
CD;Congo, The Democratic Republic of the;Bandundu;-3.3168087;17.3789697
CD;Congo, The Democratic Republic of the;Bas-Congo;-5.1682773;14.232613
CD;Congo, The Democratic Republic of the;Equateur;1.3082615;20.4824404
CD;Congo, The Democratic Republic of the;Kasai-Occidental;-5.320547299999999;21.8568586
CD;Congo, The Democratic Republic of the;Kasai-Oriental;-4.838628;24.087976
CD;Congo, The Democratic Republic of the;Katanga;-9.227371;26.1688189
CD;Congo, The Democratic Republic of the;Kinshasa;-4.4419311;15.2662931
CD;Congo, The Democratic Republic of the;Maniema;-2.5415928;26.649473
CD;Congo, The Democratic Republic of the;Nord-Kivu;-0.5519045;28.593006
CD;Congo, The Democratic Republic of the;Orientale;1.6345101;26.7836995
CD;Congo, The Democratic Republic of the;Sud-Kivu;-3.2841;28.0314428
CF;Central African Republic;Bamingui-Bangoran;8.2733455;20.7122465
CF;Central African Republic;Bangui;4.3946735;18.5581899
CF;Central African Republic;Basse-Kotto;4.8719319;21.2845025
CF;Central African Republic;Haut-Mbomou;6.2537134;25.4733554
CF;Central African Republic;Haute-Kotto;7.7964379;23.3823545
CF;Central African Republic;Kemo;5.8867794;19.3783206
CF;Central African Republic;Lobaye;4.3525981;17.4795173
CF;Central African Republic;Mambere-Kadei;4.7055653;15.9699878
CF;Central African Republic;Mbomou;5.556837000000001;23.7632828
CF;Central African Republic;Nana-Mambere;5.6932135;15.2194808
CF;Central African Republic;Ombella-Mpoko;5.1188825;18.4276047
CF;Central African Republic;Ouaka;6.3168216;20.7122465
CF;Central African Republic;Ouham;7.090910999999999;17.668887
CF;Central African Republic;Ouham-Pende;6.4850984;16.1580937
CF;Central African Republic;Sangha-Mbaere;3.4368607;16.3463791
CG;Congo;Bouenza;-4.1128079;13.7289167
CG;Congo;Brazzaville;-4.2633597;15.2428853
CG;Congo;Cuvette;-0.2877446;16.1580937
CG;Congo;Cuvette-Ouest;0.144755;14.4723301
CG;Congo;Kouilou;-4.1428413;11.8891721
CG;Congo;Lekoumou;-3.170382;13.3587288
CG;Congo;Likouala;2.043924000000001;17.668887
CG;Congo;Niari;-3.18427;12.2547919
CG;Congo;Plateaux;-2.0680088;15.4068079
CG;Congo;Pool;-2.420088;16.1816196
CG;Congo;Sangha;1.4662328;15.4068079
CH;Switzerland;Aargau;47.3876664;8.2554295
CH;Switzerland;Ausser-Rhoden;47.366481;9.3000916
CH;Switzerland;Basel-Landschaft;47.44181220000001;7.7644002
CH;Switzerland;Basel-Stadt;47.5595986;7.5885761
CH;Switzerland;Bern;46.9479739;7.4474468
CH;Switzerland;Fribourg;46.8064773;7.161971899999999
CH;Switzerland;Geneve;46.2043907;6.1431577
CH;Switzerland;Glarus;47.0404265;9.0672085
CH;Switzerland;Graubunden;46.65698709999999;9.578025700000001
CH;Switzerland;Inner-Rhoden;47.3161925;9.4316573
CH;Switzerland;Jura;47.3444474;7.143060800000001
CH;Switzerland;Luzern;47.05016819999999;8.3093072
CH;Switzerland;Neuchatel;46.9899874;6.9292732
CH;Switzerland;Nidwalden;46.9267016;8.3849982
CH;Switzerland;Obwalden;46.877858;8.251249
CH;Switzerland;Sankt Gallen;47.4244818;9.3767173
CH;Switzerland;Schaffhausen;47.6958897;8.6380488
CH;Switzerland;Schwyz;47.0207138;8.652988400000002
CH;Switzerland;Solothurn;47.2088348;7.532291
CH;Switzerland;Thurgau;47.60378559999999;9.0557371
CH;Switzerland;Ticino;46.331734;8.800452900000002
CH;Switzerland;Uri;46.7738629;8.602515300000002
CH;Switzerland;Valais;46.1904614;7.5449226
CH;Switzerland;Vaud;46.5613135;6.536765
CH;Switzerland;Zug;47.1661672;8.5154946
CH;Switzerland;Zurich;47.3768866;8.541694
CI;Côte d'Ivoire;Agneby;6.223217500000001;-3.9062688
CI;Côte d'Ivoire;Bafing;8.3252047;-7.524724300000001
CI;Côte d'Ivoire;Bas-Sassandra;5.356791599999999;-6.749399299999999
CI;Côte d'Ivoire;Denguele;9.4662372;-7.4381355
CI;Côte d'Ivoire;Dix-Huit Montagnes;7.376237300000001;-7.4381355
CI;Côte d'Ivoire;Fromager;6.290341799999999;-5.8142885
CI;Côte d'Ivoire;Haut-Sassandra;6.8757848;-6.5783387
CI;Côte d'Ivoire;Lacs;6.892414400000001;-5.2266675
CI;Côte d'Ivoire;Lagunes;5.4611461;-4.479976
CI;Côte d'Ivoire;Marahoue;6.884620699999999;-5.898713900000001
CI;Côte d'Ivoire;Moyen-Cavally;6.5208793;-7.6114217
CI;Côte d'Ivoire;Moyen-Comoe;6.651491699999999;-3.5003454
CI;Côte d'Ivoire;N'zi-Comoe;7.2456749;-4.2333355
CI;Côte d'Ivoire;Savanes;9.6783614;-5.5617279
CI;Côte d'Ivoire;Sud-Bandama;5.5357083;-5.5617279
CI;Côte d'Ivoire;Sud-Comoe;5.552792999999999;-3.2583626
CI;Côte d'Ivoire;Vallee du Bandama;8.278978;-4.893562699999999
CI;Côte d'Ivoire;Worodougou;8.2548962;-6.5783387
CI;Côte d'Ivoire;Zanzan;8.8207904;-3.4195527
CL;Chile;Aisen del General Carlos Ibanez del Campo;-46.378345;-72.3007623
CL;Chile;Antofagasta;-23.6509279;-70.39750219999999
CL;Chile;Araucania;-38.948921;-72.331113
CL;Chile;Arica y Parinacota;-18.5940485;-69.4784541
CL;Chile;Atacama;-27.5660558;-70.050314
CL;Chile;Bio-Bio;-36.9777206;-72.331113
CL;Chile;Coquimbo;-29.9590009;-71.3389183
CL;Chile;Libertador General Bernardo O'Higgins;-34.5755374;-71.0022311
CL;Chile;Los Lagos;-41.9197779;-72.1416132
CL;Chile;Los Rios;-40.2310217;-72.331113
CL;Chile;Magallanes y de la Antartica Chilena;-52.20643159999999;-72.16850010000002
CL;Chile;Maule;-35.5163603;-71.5723953
CL;Chile;Region Metropolitana;-33.4375545;-70.6504896
CL;Chile;Tarapaca;-19.923194;-69.51320319999999
CL;Chile;Valparaiso;-33.047238;-71.61268849999999
CM;Cameroon;Adamaoua;6.9181954;12.8054753
CM;Cameroon;Centre;4.6298411;11.7068294
CM;Cameroon;Est;3.950512799999999;13.914399
CM;Cameroon;Extreme-Nord;10.6315589;14.6587821
CM;Cameroon;Littoral;4.1682138;10.0807298
CM;Cameroon;Nord;8.580901299999999;13.914399
CM;Cameroon;Nord-Ouest;6.470373899999999;10.439656
CM;Cameroon;Ouest;5.4638158;10.8000051
CM;Cameroon;Sud;2.7202832;11.7068294
CM;Cameroon;Sud-Ouest;5.1573493;9.367308399999999
CN;China;Anhui;31.861184;117.284923
CN;China;Beijing;39.904211;116.407395
CN;China;Chongqing;29.56301;106.551557
CN;China;Fujian;26.10078;119.295144
CN;China;Gansu;36.059561;103.826447
CN;China;Guangdong;23.132191;113.266531
CN;China;Guangxi;22.815478;108.327546
CN;China;Guizhou;26.598194;106.70741
CN;China;Hainan;20.017378;110.349229
CN;China;Hebei;38.037057;114.468665
CN;China;Heilongjiang;45.74236699999999;126.661665
CN;China;Henan;34.765515;113.753602
CN;China;Hubei;30.546498;114.341862
CN;China;Hunan;28.112449;112.98381
CN;China;Jiangsu;32.061707;118.763232
CN;China;Jiangxi;28.675697;115.909228
CN;China;Jilin;43.837883;126.549572
CN;China;Liaoning;41.836175;123.431383
CN;China;Nei Mongol;40.81739;111.76629
CN;China;Ningxia;38.471318;106.258754
CN;China;Qinghai;36.620938;101.780251
CN;China;Shaanxi;34.265472;108.954239
CN;China;Shandong;36.66853;117.020359
CN;China;Shanghai;31.230416;121.473701
CN;China;Shanxi;37.873532;112.562398
CN;China;Sichuan;30.651652;104.075931
CN;China;Tianjin;39.084158;117.200983
CN;China;Xinjiang;43.793026;87.627704
CN;China;Xizang;29.646923;91.117212
CN;China;Yunnan;25.045806;102.710002
CN;China;Zhejiang;30.267443;120.152792
CO;Colombia;Amazonas;-1.4429123;-71.5723953
CO;Colombia;Antioquia;7.1986064;-75.34121789999999
CO;Colombia;Arauca;7.076172;-70.71045699999999
CO;Colombia;Atlantico;10.6966159;-74.8741045
CO;Colombia;Bolivar;8.6704382;-74.0300122
CO;Colombia;Boyaca;5.454511;-73.362003
CO;Colombia;Caldas;5.29826;-75.2479061
CO;Colombia;Caqueta;0.869892;-73.8419063
CO;Colombia;Casanare;4.85381;-71.17446
CO;Colombia;Cauca;2.57301;-76.77915999999999
CO;Colombia;Cesar;9.3372948;-73.65362089999999
CO;Colombia;Choco;5.2528033;-76.8259652
CO;Colombia;Cordoba;8.049293;-75.57405
CO;Colombia;Cundinamarca;5.026002999999999;-74.0300122
CO;Colombia;Guainia;2.585393;-68.52471489999999
CO;Colombia;Guaviare;1.44582;-72.06858
CO;Colombia;Huila;2.5359349;-75.52766989999999
CO;Colombia;La Guajira;11.3547743;-72.5204827
CO;Colombia;Magdalena;10.4113014;-74.4056612
CO;Colombia;Meta;3.2719904;-73.087749
CO;Colombia;Narino;1.2889987;-77.3575662
CO;Colombia;Norte de Santander;8.6999099;-73.46146
CO;Colombia;Putumayo;0.4359506;-75.52766989999999
CO;Colombia;Quindio;4.4610191;-75.667356
CO;Colombia;Risaralda;5.315847499999999;-75.9927652
CO;Colombia;San Andres y Providencia;12.5567324;-81.7185253
CO;Colombia;Santander;6.6437076;-73.65362089999999
CO;Colombia;Sucre;8.813977;-74.723283
CO;Colombia;Tolima;4.092516799999999;-75.1545381
CO;Colombia;Valle del Cauca;3.8008893;-76.64127119999999
CO;Colombia;Vaupes;0.8553561;-70.81199529999999
CO;Colombia;Vichada;4.4234452;-69.2877535
CR;Costa Rica;Alajuela;10.391583;-84.4382721
CR;Costa Rica;Cartago;9.7539596;-83.67739279999999
CR;Costa Rica;Guanacaste;10.4957971;-85.35496499999999
CR;Costa Rica;Heredia;10.473523;-84.01674229999999
CR;Costa Rica;Limon;9.9913106;-83.04150779999999
CR;Costa Rica;Puntarenas;9.9778439;-84.82942109999999
CR;Costa Rica;San Jose;9.9280694;-84.0907246
CU;Cuba;Camaguey;21.3926035;-77.9053182
CU;Cuba;Ciego de Avila;21.9329515;-78.5660852
CU;Cuba;Cienfuegos;22.2379783;-80.365865
CU;Cuba;Ciudad de la Habana;23.0540698;-82.34518899999999
CU;Cuba;Granma;20.3844902;-76.64127119999999
CU;Cuba;Guantanamo;20.1455917;-74.8741045
CU;Cuba;Holguin;20.7837893;-75.8069082
CU;Cuba;Isla de la Juventud;21.7084737;-82.82202319999999
CU;Cuba;La Habana;23.0540698;-82.34518899999999
CU;Cuba;Las Tunas;21.0605162;-76.91820969999999
CU;Cuba;Matanzas;22.5767123;-81.3399414
CU;Cuba;Pinar del Rio;22.4133651;-83.6880257
CU;Cuba;Sancti Spiritus;21.9938214;-79.4703885
CU;Cuba;Santiago de Cuba;20.01693;-75.8301537
CU;Cuba;Villa Clara;22.4937204;-79.9192702
CV;Cape Verde;Boa Vista;16.1372504;-22.858217
CV;Cape Verde;Brava;14.8661257;-24.7024179
CV;Cape Verde;Maio;15.2003098;-23.1679793
CV;Cape Verde;Mosteiros;15.0311753;-24.3252291
CV;Cape Verde;Paul;17.1005359;-24.9872821
CV;Cape Verde;Porto Novo;16.9911107;-25.2363408
CV;Cape Verde;Praia;14.93305;-23.5133267
CV;Cape Verde;Ribeira Brava;16.6070739;-24.2033843
CV;Cape Verde;Ribeira Grande;17.1601387;-25.1177654
CV;Cape Verde;Ribeira Grande de Santiago;14.9830298;-23.6561725
CV;Cape Verde;Sal;16.7266152;-22.9297109
CV;Cape Verde;Santa Catarina;15.0992532;-23.6918783
CV;Cape Verde;Santa Catarina do Fogo;14.9309104;-24.3222577
CV;Cape Verde;Santa Cruz;15.1027292;-23.5609459
CV;Cape Verde;Sao Domingos;15.017878;-23.5371368
CV;Cape Verde;Sao Filipe;14.8951679;-24.4945636
CV;Cape Verde;Sao Miguel;15.1919609;-23.6442701
CV;Cape Verde;Sao Salvador do Mundo;15.088764;-23.6383187
CV;Cape Verde;Sao Vicente;16.8341271;-24.9279547
CV;Cape Verde;Tarrafal;15.2760578;-23.7484077
CV;Cape Verde;Tarrafal de Sao Nicolau;16.5636498;-24.354942
CY;Cyprus;Famagusta;35.1149116;33.919245
CY;Cyprus;Kyrenia;35.3237104;33.3149413
CY;Cyprus;Larnaca;34.9002535;33.6231723
CY;Cyprus;Limassol;34.7071301;33.0226174
CY;Cyprus;Nicosia;35.1855659;33.38227639999999
CY;Cyprus;Paphos;34.7720133;32.4297369
CZ;Czech Republic;Hlavni mesto Praha;50.0755381;14.4378005
CZ;Czech Republic;Jihocesky kraj;48.9457789;14.4416055
CZ;Czech Republic;Jihomoravsky kraj;48.9544528;16.7676899
CZ;Czech Republic;Karlovarsky kraj;50.1435;12.7501899
CZ;Czech Republic;Kralovehradecky kraj;50.3512484;15.7976459
CZ;Czech Republic;Liberecky kraj;50.65942399999999;14.7632424
CZ;Czech Republic;Moravskoslezsky kraj;49.7305327;18.2332637
CZ;Czech Republic;Olomoucky kraj;49.65865489999999;17.0811406
CZ;Czech Republic;Pardubicky kraj;49.9444479;16.2856916
CZ;Czech Republic;Plzensky kraj;49.4134812;13.3157246
CZ;Czech Republic;Stredocesky kraj;49.8782223;14.9362955
CZ;Czech Republic;Ustecky kraj;50.6119037;13.7870086
CZ;Czech Republic;Vysocina kraj;49.44900519999999;15.6405934
CZ;Czech Republic;Zlinsky kraj;49.2162296;17.7720353
DE;Germany;Baden-Wurttemberg;48.6616037;9.3501336
DE;Germany;Bayern;48.7904472;11.4978895
DE;Germany;Berlin;52.52000659999999;13.404954
DE;Germany;Brandenburg;52.4125287;12.5316444
DE;Germany;Bremen;53.07929619999999;8.8016937
DE;Germany;Hamburg;53.5510846;9.9936818
DE;Germany;Hessen;50.6520515;9.162437599999999
DE;Germany;Mecklenburg-Vorpommern;53.6126505;12.4295953
DE;Germany;Niedersachsen;52.6367036;9.8450765
DE;Germany;Nordrhein-Westfalen;51.43323669999999;7.661593799999999
DE;Germany;Rheinland-Pfalz;50.118346;7.3089527
DE;Germany;Saarland;49.3964234;7.0229607
DE;Germany;Sachsen;51.1045407;13.2017384
DE;Germany;Sachsen-Anhalt;51.9502649;11.6922735
DE;Germany;Schleswig-Holstein;54.21936720000001;9.696116700000001
DE;Germany;Thuringen;51.0109892;10.845346
DJ;Djibouti;Ali Sabieh;11.1491947;42.7124984
DJ;Djibouti;Arta;11.5255528;42.8479474
DJ;Djibouti;Dikhil;11.1054336;42.3704744
DJ;Djibouti;Djibouti;11.5720765;43.1456475
DJ;Djibouti;Obock;11.9647465;43.2884071
DJ;Djibouti;Tadjoura;11.7913106;42.87962270000001
DK;Denmark;Hovedstaden;55.6751812;12.5493261
DK;Denmark;Midtjylland;56.302139;9.3027769
DK;Denmark;Nordjylland;56.8307416;9.4930528
DK;Denmark;Sjelland;55.4632518;11.7214979
DK;Denmark;Syddanmark;55.3307714;9.0924903
DM;Dominica;Saint Andrew;15.5542442;-61.3501856
DM;Dominica;Saint David;15.4081998;-61.29186180000001
DM;Dominica;Saint George;15.3087847;-61.33851909999999
DM;Dominica;Saint John;15.5763757;-61.4318742
DM;Dominica;Saint Joseph;15.4335083;-61.39685979999999
DM;Dominica;Saint Luke;15.254587;-61.36768679999999
DM;Dominica;Saint Mark;15.2195922;-61.34435219999999
DM;Dominica;Saint Patrick;15.2811117;-61.29186180000001
DM;Dominica;Saint Paul;15.3756073;-61.3618529
DO;Dominican Republic;Azua;18.4531742;-70.73468869999999
DO;Dominican Republic;Baoruco;18.4752899;-71.3349322
DO;Dominican Republic;Barahona;18.2120807;-71.10240759999999
DO;Dominican Republic;Dajabon;19.5499241;-71.7086514
DO;Dominican Republic;Distrito Nacional;18.4860575;-69.93121169999999
DO;Dominican Republic;Duarte;19.2535285;-70.0979491
DO;Dominican Republic;El Seibo;18.7653036;-69.0389048
DO;Dominican Republic;Elias Pina;18.8766964;-71.7044138
DO;Dominican Republic;Espaillat;19.5788064;-70.3598758
DO;Dominican Republic;Hato Mayor;18.7635428;-69.2549736
DO;Dominican Republic;Independencia;18.4126807;-71.6198686
DO;Dominican Republic;La Altagracia;18.5850236;-68.62010719999999
DO;Dominican Republic;La Romana;18.4338645;-68.9658817
DO;Dominican Republic;La Vega;19.2152609;-70.5205436
DO;Dominican Republic;Maria Trinidad Sanchez;19.4245445;-70.0026756
DO;Dominican Republic;Monsenor Nouel;18.9215234;-70.3836815
DO;Dominican Republic;Monte Cristi;19.8473452;-71.6406361
DO;Dominican Republic;Monte Plata;18.8069496;-69.7852843
DO;Dominican Republic;Pedernales;18.0395854;-71.7414883
DO;Dominican Republic;Peravia;18.2855033;-70.3836815
DO;Dominican Republic;Puerto Plata;19.7807686;-70.6871091
DO;Dominican Republic;Salcedo;19.3966586;-70.3598758
DO;Dominican Republic;Samana;19.2080704;-69.3324518
DO;Dominican Republic;San Cristobal;18.4188797;-70.1030668
DO;Dominican Republic;San Juan;18.8810919;-71.2874209
DO;Dominican Republic;San Pedro De Macoris;18.4720698;-69.2996732
DO;Dominican Republic;Sanchez Ramirez;18.9808932;-70.0979491
DO;Dominican Republic;Santiago;19.4791963;-70.6930568
DO;Dominican Republic;Santiago Rodriguez;19.4713181;-71.33958009999999
DO;Dominican Republic;Valverde;19.6323442;-71.0497768
DZ;Algeria;Adrar;27.9716342;-0.1869644
DZ;Algeria;Ain Defla;36.0729193;1.9881527
DZ;Algeria;Ain Temouchent;35.3072501;-1.1424514
DZ;Algeria;Alger;36.752887;3.042048
DZ;Algeria;Annaba;36.9264582;7.752535200000001
DZ;Algeria;Batna;35.5610218;6.173911599999999
DZ;Algeria;Bechar;31.6182492;-2.2143231
DZ;Algeria;Bejaia;36.7508896;5.056733299999999
DZ;Algeria;Biskra;34.8370347;5.751047499999999
DZ;Algeria;Blida;36.4798683;2.8005677
DZ;Algeria;Bordj Bou Arreridj;36.0704188;4.7564046
DZ;Algeria;Bouira;36.2835299;3.9878427
DZ;Algeria;Boumerdes;36.7675962;3.7029002
DZ;Algeria;Chlef;36.147424;1.3083685
DZ;Algeria;Constantine;36.360155;6.642433
DZ;Algeria;Djelfa;34.6751691;3.2684215
DZ;Algeria;El Bayadh;33.65813869999999;1.0203224
DZ;Algeria;El Oued;33.3713397;6.8479682
DZ;Algeria;El Tarf;36.7558581;8.2212979
DZ;Algeria;Ghardaia;32.4902246;3.6738412
DZ;Algeria;Guelma;36.458976;7.4327273
DZ;Algeria;Illizi;26.1690005;8.4842465
DZ;Algeria;Khenchela;35.4309947;7.1467072
DZ;Algeria;Laghouat;33.7972551;2.8694065
DZ;Algeria;M'sila;35.677109;4.5418141
DZ;Algeria;Mascara;35.3904125;0.1494988
DZ;Algeria;Medea;36.2853847;2.7680247
DZ;Algeria;Mila;36.4512301;6.2535257
DZ;Algeria;Mostaganem;36.01312350000001;0.1401381
DZ;Algeria;Naama;33.4350615;-0.9056623
DZ;Algeria;Oran;35.6976541;-0.6337376
DZ;Algeria;Ouargla;32.1677808;4.976654
DZ;Algeria;Oum el Bouaghi;35.7881449;7.179025999999999
DZ;Algeria;Relizane;35.7339361;0.5588787
DZ;Algeria;Saida;34.8412014;0.1484305
DZ;Algeria;Setif;36.1969027;5.4150871
DZ;Algeria;Sidi Bel Abbes;35.2022249;-0.6298922
DZ;Algeria;Skikda;36.8715199;6.910180599999999
DZ;Algeria;Souk Ahras;36.2695872;7.948389799999999
DZ;Algeria;Tamanghasset;21.9537293;5.5617279
DZ;Algeria;Tebessa;35.4142494;8.101092000000001
DZ;Algeria;Tiaret;35.3673553;1.3220322
DZ;Algeria;Tindouf;27.6761012;-8.1276526
DZ;Algeria;Tipaza;36.6178786;2.3912362
DZ;Algeria;Tissemsilt;35.6015182;1.8074586
DZ;Algeria;Tizi Ouzou;36.7021906;4.0593255
DZ;Algeria;Tlemcen;34.88840620000001;-1.3180042
EC;Ecuador;Azuay;-2.9633245;-79.1096901
EC;Ecuador;Bolivar;-1.5696244;-79.1096901
EC;Ecuador;Canar;-2.555695;-78.9344814
EC;Ecuador;Carchi;0.6625532;-78.0195387
EC;Ecuador;Chimborazo;-1.4693018;-78.8169396
EC;Ecuador;Cotopaxi;-0.8139666999999999;-78.9288242
EC;Ecuador;El Oro;-3.4454787;-79.8296743
EC;Ecuador;Esmeraldas;0.9681789;-79.6517202
EC;Ecuador;Galapagos;-0.8292784;-90.9820668
EC;Ecuador;Guayas;-1.9574839;-79.9192702
EC;Ecuador;Imbabura;0.367159;-78.3842227
EC;Ecuador;Loja;-4.0078909;-79.2112769
EC;Ecuador;Los Rios;-1.4191719;-79.4703885
EC;Ecuador;Manabi;-0.7416532;-79.9192702
EC;Ecuador;Morona-Santiago;-2.5628216;-78.11082789999999
EC;Ecuador;Napo;-0.7371233;-78.11082789999999
EC;Ecuador;Orellana;-0.7112664999999999;-77.15426839999999
EC;Ecuador;Pastaza;-1.6332034;-77.010385
EC;Ecuador;Pichincha;-0.1464847;-78.4751945
EC;Ecuador;Santa Elena;-2.1934804;-80.54384499999999
EC;Ecuador;Sucumbios;-0.1452276;-76.2710833
EC;Ecuador;Tungurahua;-1.2635284;-78.5660852
EC;Ecuador;Zamora-Chinchipe;-4.1535434;-78.8382644
EE;Estonia;Harjumaa;59.33342390000001;25.2466973
EE;Estonia;Hiiumaa;58.9239553;22.5919468
EE;Estonia;Ida-Virumaa;59.25926629999999;27.4136535
EE;Estonia;Jarvamaa;58.8866713;25.5000625
EE;Estonia;Jogevamaa;58.6947229;26.3902301
EE;Estonia;Laane-Virumaa;59.30188159999999;26.3280312
EE;Estonia;Laanemaa;58.89071850000001;23.7925806
EE;Estonia;Parnumaa;58.46634429999999;24.69612
EE;Estonia;Polvamaa;58.06949909999999;27.2005648
EE;Estonia;Raplamaa;58.8492625;24.7346568
EE;Estonia;Saaremaa;58.4849721;22.6136407
EE;Estonia;Tartumaa;58.40571279999999;26.8015761
EE;Estonia;Valgamaa;57.9103441;26.1601819
EE;Estonia;Viljandimaa;58.2821746;25.5752233
EE;Estonia;Vorumaa;57.80381070000001;26.8524025
EG;Egypt;Ad Daqahliyah;31.0832017;31.4913182
EG;Egypt;Al Bahr al Ahmar;25.1076838;33.7964613
EG;Egypt;Al Buhayrah;30.8480986;30.3435506
EG;Egypt;Al Fayyum;29.3084021;30.8428497
EG;Egypt;Al Gharbiyah;30.8753556;31.03351
EG;Egypt;Al Iskandariyah;31.2000924;29.9187387
EG;Egypt;Al Isma'iliyah;30.5964923;32.2714587
EG;Egypt;Al Jizah;30.0130557;31.2088526
EG;Egypt;Al Minufiyah;30.5972455;30.9876321
EG;Egypt;Al Minya;28.0870967;30.7618397
EG;Egypt;Al Qahirah;30.0444196;31.2357116
EG;Egypt;Al Qalyubiyah;30.3292368;31.2168466
EG;Egypt;Al Wadi al Jadid;24.5455638;27.1735316
EG;Egypt;As Suways;29.9668343;32.5498069
EG;Egypt;Ash Sharqiyah;30.7326622;31.7195459
EG;Egypt;Aswan;24.088938;32.8998293
EG;Egypt;Asyut;27.1783117;31.1859257
EG;Egypt;Bani Suwayf;29.0661274;31.0993845
EG;Egypt;Bur Sa'id;31.2652893;32.3018661
EG;Egypt;Dumyat;31.4175388;31.81444339999999
EG;Egypt;Janub Sina';29.3101828;34.1531947
EG;Egypt;Kafr ash Shaykh;31.3085444;30.8039474
EG;Egypt;Matruh;31.3543445;27.2373159
EG;Egypt;Muhafazat al Uqsur;25.6872431;32.6396357
EG;Egypt;Qina;26.155061;32.7160121
EG;Egypt;Shamal Sina';30.6084723;33.617577
EG;Egypt;Suhaj;26.501348;31.76513619999999
EH;Western Sahara;Oued Ed-Dahab-Lagouira;22.7337892;-14.2861116
EH;Western Sahara;Western Sahara;24.215527;-12.885834
ER;Eritrea;Anseba;16.4745531;37.8087693
ER;Eritrea;Debub;14.9478692;39.1543677
ER;Eritrea;Debubawi K'eyih Bahri;13.5137103;41.7606472
ER;Eritrea;Gash Barka;15.4068825;37.6386622
ER;Eritrea;Ma'akel;15.3551409;38.8623683
ER;Eritrea;Semenawi K'eyih Bahri;16.2583997;38.8205454
ES;Spain;Andalucia;37.5442706;-4.7277528
ES;Spain;Aragon;41.5976275;-0.9056623
ES;Spain;Asturias;43.3613953;-5.8593267
ES;Spain;Canarias;28.2915637;-16.6291304
ES;Spain;Cantabria;43.1828396;-3.9878427
ES;Spain;Castilla y Leon;41.83568210000001;-4.397635699999999
ES;Spain;Castilla-La Mancha;39.2795607;-3.097702
ES;Spain;Catalonia;41.5911589;1.5208624
ES;Spain;Ceuta;35.8893874;-5.3213455
ES;Spain;Comunidad Valenciana;39.4840108;-0.7532808999999999
ES;Spain;Extremadura;39.4937392;-6.0679194
ES;Spain;Galicia;42.5750554;-8.1338558
ES;Spain;Islas Baleares;39.5341789;2.8577105
ES;Spain;La Rioja;42.2870733;-2.539603
ES;Spain;Madrid;40.4167754;-3.7037902
ES;Spain;Melilla;35.2922775;-2.9380973
ES;Spain;Murcia;37.9922399;-1.1306544
ES;Spain;Navarra;42.6953909;-1.6760691
ES;Spain;Pais Vasco;42.9896248;-2.6189273
ET;Ethiopia;Adis Abeba;8.9806034;38.7577605
ET;Ethiopia;Afar;11.7559388;40.958688
ET;Ethiopia;Amara;11.3494247;37.9784585
ET;Ethiopia;Binshangul Gumuz;10.7802889;35.5657862
ET;Ethiopia;Dire Dawa;9.6008747;41.850142
ET;Ethiopia;Gambela Hizboch;7.9219687;34.1531947
ET;Ethiopia;Hareri Hizb;9.314866;42.1967716
ET;Ethiopia;Oromiya;7.546037699999999;40.6346851
ET;Ethiopia;Sumale;6.6612293;43.7908453
ET;Ethiopia;Tigray;14.0323336;38.3165725
ET;Ethiopia;YeDebub Biheroch Bihereseboch na Hizboch;6.5156911;36.954107
FI;Finland;Lapland;67.9222304;26.5046438
FJ;Fiji;Central;-17.9453123;178.2461183
FJ;Fiji;Northern;-16.6268225;179.0179332
FJ;Fiji;Western;-17.7510845;177.7763333
FM;Micronesia, Federated States of;Chuuk;7.355421999999999;151.5962883
FM;Micronesia, Federated States of;Kosrae;5.3095618;162.9814877
FM;Micronesia, Federated States of;Pohnpei;6.9244449;158.1606548
FM;Micronesia, Federated States of;Yap;9.5392108;138.1268913
FR;France;Alsace;48.3181795;7.441624099999999
FR;France;Aquitaine;44.7002222;-0.2995785
FR;France;Auvergne;45.7032695;3.3448536
FR;France;Basse-Normandie;48.8788472;-0.5157492
FR;France;Bourgogne;47.0525047;4.3837215
FR;France;Bretagne;48.2020471;-2.9326435
FR;France;Centre;47.7515686;1.6750631
FR;France;Champagne-Ardenne;48.7934092;4.4725249
FR;France;Corse;42.0396042;9.012892599999999
FR;France;Franche-Comte;47.1343207;6.0223016
FR;France;Haute-Normandie;49.524641;0.8828328999999999
FR;France;Ile-de-France;48.8499198;2.6370411
FR;France;Languedoc-Roussillon;43.5912356;3.2583626
FR;France;Limousin;45.8932231;1.5696018
FR;France;Lorraine;48.8744233;6.2080932
FR;France;Midi-Pyrenees;44.0859426;1.5208624
FR;France;Nord-Pas-de-Calais;50.48011529999999;2.7937265
FR;France;Pays de la Loire;47.7632836;-0.3299687
FR;France;Picardie;49.66361269999999;2.5280732
FR;France;Poitou-Charentes;45.903552;-0.3091837
FR;France;Provence-Alpes-Cote d'Azur;43.9351691;6.0679194
FR;France;Rhone-Alpes;45.1695797;5.4502821
GA;Gabon;Estuaire;0.4432864;10.0807298
GA;Gabon;Haut-Ogooue;-1.4762544;13.914399
GA;Gabon;Moyen-Ogooue;-0.442784;10.439656
GA;Gabon;Ngounie;-1.4930303;10.9807003
GA;Gabon;Nyanga;-2.8821033;11.1617356
GA;Gabon;Ogooue-Ivindo;0.8818311;13.1740348
GA;Gabon;Ogooue-Lolo;-0.8844093;12.4380581
GA;Gabon;Ogooue-Maritime;-1.3465975;9.7232673
GA;Gabon;Woleu-Ntem;1.4892408;11.7068294
GB;United Kingdom;England;52.3555177;-1.1743197
GB;United Kingdom;Northern Ireland;54.7877149;-6.4923145
GB;United Kingdom;Scotland;56.49067119999999;-4.2026458
GB;United Kingdom;Wales;52.1306607;-3.7837117
GD;Grenada;Saint Andrew;12.1230598;-61.64211719999999
GD;Grenada;Saint David;12.0456435;-61.6888738
GD;Grenada;Saint George;12.0714317;-61.73564330000001
GD;Grenada;Saint John;12.130824;-61.71225699999999
GD;Grenada;Saint Mark;12.19023;-61.6888738
GD;Grenada;Saint Patrick;12.2056921;-61.64211719999999
GE;Georgia;Abkhazia;42.315407;43.35689199999999
GE;Georgia;Ajaria;41.6005626;42.0688383
GE;Georgia;Akhalk'alak'is Raioni;32.1656221;-82.9000751
GE;Georgia;Baghdat'is Raioni;32.1656221;-82.9000751
GE;Georgia;Borjomis Raioni;32.1656221;-82.9000751
GE;Georgia;Goris Raioni;32.1656221;-82.9000751
GE;Georgia;Guria;41.9442736;42.0458091
GE;Georgia;Imereti;42.230108;42.9008665
GE;Georgia;Javis Raioni;32.1656221;-82.9000751
GE;Georgia;K'arelis Raioni;32.1656221;-82.9000751
GE;Georgia;Kakheti;41.6481602;45.6905554
GE;Georgia;Khashuris Raioni;32.1656221;-82.9000751
GE;Georgia;Kvemo Kartli;41.4791833;44.65604510000001
GE;Georgia;Mtskheta-Mtianeti;42.16821849999999;44.6506057
GE;Georgia;Racha-Lechkhumi and Kvemo Svaneti;42.67188729999999;43.0562836
GE;Georgia;Samegrelo and Zemo Svaneti;32.1656221;-82.9000751
GE;Georgia;Samtskhe-Javakheti;41.5479296;43.2776399
GE;Georgia;Shida Kartli;42.0756944;43.9540462
GE;Georgia;T'bilisi;41.7151377;44.827096
GE;Georgia;Vanis Raioni;32.1656221;-82.9000751
GH;Ghana;Ashanti;6.7470436;-1.5208624
GH;Ghana;Brong-Ahafo;7.9559247;-1.6760691
GH;Ghana;Central;5.5607846;-1.0586135
GH;Ghana;Eastern;6.237403599999999;-0.4502368
GH;Ghana;Greater Accra;5.8142836;0.0746767
GH;Ghana;Northern;9.543926899999999;-0.9056623
GH;Ghana;Upper East;10.7082499;-0.9820667999999999
GH;Ghana;Upper West;10.2529757;-2.1450245
GH;Ghana;Volta;6.5781373;0.4502368
GH;Ghana;Western;5.3901978;-2.1450245
GL;Greenland;Kujalleq;60.90831739999999;-44.4400156
GL;Greenland;Qaasuitsup;75.1086127;-48.970778
GL;Greenland;Qeqqata;66.1763879;-48.9906533
GL;Greenland;Sermersooq;68.09179809999999;-39.2845123
GM;Gambia;Banjul;13.4548761;-16.5790323
GM;Gambia;Central River;13.5994469;-14.8921668
GM;Gambia;Lower River;13.3553306;-15.92299
GM;Gambia;North Bank;13.5285436;-16.0169971
GM;Gambia;Upper River;13.4257366;-14.0072348
GM;Gambia;Western;13.2229202;-16.5819789
GN;Guinea;Beyla;8.688409799999999;-8.6435589
GN;Guinea;Boffa;10.1808254;-14.0391615
GN;Guinea;Boke;11.1864672;-14.1001326
GN;Guinea;Conakry;9.641185499999999;-13.5784012
GN;Guinea;Coyah;9.7086357;-13.3876116
GN;Guinea;Dabola;10.7297806;-11.1107854
GN;Guinea;Dalaba;10.166667;-9.383333
GN;Guinea;Dinguiraye;11.2899514;-10.7154228
GN;Guinea;Dubreka;9.7907348;-13.5147735
GN;Guinea;Faranah;10.0451022;-10.7492466
GN;Guinea;Forecariah;9.434471499999999;-13.0904353
GN;Guinea;Fria;10.3674543;-13.5841871
GN;Guinea;Gaoual;11.7561687;-13.2028753
GN;Guinea;Gueckedou;8.564968799999999;-10.1311163
GN;Guinea;Kankan;10.120923;-9.5450974
GN;Guinea;Kerouane;9.2702601;-9.0073673
GN;Guinea;Kindia;10.0406725;-12.8629885
GN;Guinea;Kissidougou;9.1914538;-10.1143176
GN;Guinea;Koubia;11.582354;-11.8920237
GN;Guinea;Koundara;12.4894021;-13.3067562
GN;Guinea;Kouroussa;10.6489229;-9.885058599999999
GN;Guinea;Labe;11.641159;-11.8891721
GN;Guinea;Lelouma;11.4739967;-12.6675575
GN;Guinea;Lola;7.8022353;-8.5336525
GN;Guinea;Macenta;8.538294;-9.4728244
GN;Guinea;Mali;12.0742942;-12.297718
GN;Guinea;Mamou;10.5736024;-11.8891721
GN;Guinea;Mandiana;10.6172827;-8.6985716
GN;Guinea;Nzerekore;7.747835899999999;-8.8252502
GN;Guinea;Pita;11.0574624;-12.3979431
GN;Guinea;Siguiri;11.4148113;-9.178830399999999
GN;Guinea;Telimele;10.9089364;-13.0299331
GN;Guinea;Tougue;11.48785;-11.7992
GN;Guinea;Yomou;7.569627899999999;-9.2591571
GQ;Equatorial Guinea;Annobon;-1.4221087;5.6195112
GQ;Equatorial Guinea;Bioko Norte;3.6595072;8.7921836
GQ;Equatorial Guinea;Bioko Sur;3.4209785;8.6160674
GQ;Equatorial Guinea;Centro Sur;1.3436084;10.439656
GQ;Equatorial Guinea;Kie-Ntem;2.028093;11.0711758
GQ;Equatorial Guinea;Litoral;1.5750244;9.8124935
GQ;Equatorial Guinea;Wele-Nzas;1.4166162;11.0711758
GR;Greece;Aitolia kai Akarnania;38.7084386;21.3798928
GR;Greece;Akhaia;38.1158729;21.9522491
GR;Greece;Argolis;37.6525404;22.858217
GR;Greece;Arkadhia;37.5557825;22.3337769
GR;Greece;Arta;39.1582421;20.9876839
GR;Greece;Attiki;38.0457568;23.8584737
GR;Greece;Dhodhekanisos;36;27
GR;Greece;Drama;41.149001;24.1470796
GR;Greece;Evritania;39.0032334;21.7137694
GR;Greece;Evros;41.2443761;26.1359431
GR;Greece;Evvoia;38.5236036;23.8584737
GR;Greece;Florina;40.78452619999999;21.4131222
GR;Greece;Fokis;38.5598641;22.1430215
GR;Greece;Fthiotis;38.999785;22.3337769
GR;Greece;Grevena;40.0837626;21.4273299
GR;Greece;Ilia;37.7045099;21.5706786
GR;Greece;Imathia;40.60600669999999;22.1430215
GR;Greece;Ioannina;39.66502880000001;20.8537466
GR;Greece;Iraklion;35.3387352;25.1442126
GR;Greece;Kardhitsa;39.3640258;21.9214049
GR;Greece;Kastoria;40.5192691;21.2687171
GR;Greece;Kavala;40.937607;24.412866
GR;Greece;Kefallinia;38.1753675;20.5692179
GR;Greece;Kerkira;39.6249838;19.9223461
GR;Greece;Khalkidhiki;40.3694997;23.287085
GR;Greece;Khania;35.5138298;24.0180367
GR;Greece;Khios;38.3709813;26.1363457
GR;Greece;Kikladhes;37.007359;25.2573062
GR;Greece;Kilkis;40.99370709999999;22.8753674
GR;Greece;Korinthia;38.0022977;22.5245093
GR;Greece;Kozani;40.3005808;21.7898132
GR;Greece;Lakonia;37.0299087;22.5245093
GR;Greece;Larisa;39.63902239999999;22.4191254
GR;Greece;Lasithi;35.0811693;25.7101789
GR;Greece;Lesvos;39.2645095;26.2777073
GR;Greece;Levkas;38.8333663;20.7069108
GR;Greece;Magnisia;39.2686199;22.762883
GR;Greece;Messinia;37.1424653;21.9522491
GR;Greece;Pella;40.7632436;22.5260527
GR;Greece;Pieria;40.26690990000001;22.4768287
GR;Greece;Preveza;38.9592649;20.7517155
GR;Greece;Rethimni;35.3642745;24.4819904
GR;Greece;Rodhopi;41.0795681;25.5681084
GR;Greece;Samos;37.7547857;26.9777701
GR;Greece;Serrai;41.090923;23.5413198
GR;Greece;Thesprotia;39.4935011;20.3785438
GR;Greece;Thessaloniki;40.6400629;22.9444191
GR;Greece;Trikala;39.5557317;21.7678951
GR;Greece;Voiotia;38.3663664;23.0965064
GR;Greece;Xanthi;41.1300361;24.8864902
GR;Greece;Zakinthos;37.7881604;20.8988271
GT;Guatemala;Alta Verapaz;15.5942883;-90.14949879999999
GT;Guatemala;Baja Verapaz;15.0787498;-90.4125181
GT;Guatemala;Chimaltenango;14.6631591;-90.8246386
GT;Guatemala;Chiquimula;14.7924897;-89.5450458
GT;Guatemala;El Progreso;14.86527;-90.02031699999999
GT;Guatemala;Escuintla;14.3009389;-90.7882163
GT;Guatemala;Guatemala;14.6349149;-90.5068824
GT;Guatemala;Huehuetenango;15.3198766;-91.4918235
GT;Guatemala;Izabal;15.4036847;-89.1384441
GT;Guatemala;Jalapa;14.5655154;-89.9253233
GT;Guatemala;Jutiapa;14.2744501;-89.87857650000001
GT;Guatemala;Peten;16.912033;-90.2995785
GT;Guatemala;Quetzaltenango;14.8520705;-91.5305465
GT;Guatemala;Quiche;15.4983808;-90.9820668
GT;Guatemala;Retalhuleu;14.5245485;-91.685788
GT;Guatemala;Sacatepequez;14.6110576;-90.7152749
GT;Guatemala;San Marcos;14.9309569;-91.9099238
GT;Guatemala;Santa Rosa;14.1928003;-90.37483540000001
GT;Guatemala;Solola;14.7666085;-91.17850159999999
GT;Guatemala;Suchitepequez;14.4215982;-91.4048249
GT;Guatemala;Totonicapan;14.9173402;-91.36139229999999
GT;Guatemala;Zacapa;15.0784265;-89.436391
GW;Guinea-Bissau;Bafata;12.1735243;-14.652952
GW;Guinea-Bissau;Biombo;11.8529061;-15.7351171
GW;Guinea-Bissau;Bissau;11.8816553;-15.6177942
GW;Guinea-Bissau;Bolama;11.5770712;-15.4800382
GW;Guinea-Bissau;Cacheu;12.2732631;-16.1669156
GW;Guinea-Bissau;Gabu;11.8962488;-14.1001326
GW;Guinea-Bissau;Oio;12.2760709;-15.3131185
GW;Guinea-Bissau;Quinara;11.795562;-15.1726816
GW;Guinea-Bissau;Tombali;11.300838;-15.409939
GY;Guyana;Cuyuni-Mazaruni;6.4642141;-60.21107519999999
GY;Guyana;Demerara-Mahaica;6.546425999999999;-58.0982046
GY;Guyana;East Berbice-Corentyne;2.7477922;-57.4627259
GY;Guyana;Essequibo Islands-West Demerara;6.5720132;-58.4629997
GY;Guyana;Mahaica-Berbice;6.238496;-57.9162555
GY;Guyana;Pomeroon-Supenaam;7.1294166;-58.9206295
GY;Guyana;Upper Demerara-Berbice;5.3064879;-58.18929209999999
HN;Honduras;Atlantida;15.6696283;-87.14228949999999
HN;Honduras;Choluteca;13.3198572;-87.1622344
HN;Honduras;Colon;15.6391768;-85.35496499999999
HN;Honduras;Comayagua;14.5534828;-87.6186379
HN;Honduras;Copan;14.9360838;-88.86469799999999
HN;Honduras;Cortes;15.4909515;-87.9334803
HN;Honduras;El Paraiso;14.0736932;-86.41873079999999
HN;Honduras;Francisco Morazan;14.45411;-87.0624261
HN;Honduras;Gracias a Dios;15.341806;-84.6060449
HN;Honduras;Intibuca;14.3197687;-88.16328999999999
HN;Honduras;Islas de la Bahia;16.3526078;-86.4895463
HN;Honduras;La Paz;13.9984833;-87.9334803
HN;Honduras;Lempira;14.1887698;-88.55653099999999
HN;Honduras;Ocotepeque;14.5170347;-89.0561532
HN;Honduras;Olancho;14.8067406;-85.76666449999999
HN;Honduras;Santa Barbara;15.1202795;-88.4016041
HN;Honduras;Valle;13.5782936;-87.5791287
HN;Honduras;Yoro;15.2949679;-87.14228949999999
HR;Croatia;Bjelovarsko-Bilogorska;45.7809992;16.9936575
HR;Croatia;Brodsko-Posavska;45.2637951;17.3264562
HR;Croatia;Dubrovacko-Neretvanska;43.0766588;17.5268471
HR;Croatia;Grad Zagreb;45.8150108;15.981919
HR;Croatia;Istarska;45.1286455;13.901542
HR;Croatia;Karlovacka;45.2389445;15.3980067
HR;Croatia;Koprivnicko-Krizevacka;46.1568919;16.8390826
HR;Croatia;Krapinsko-Zagorska;46.10133930000001;15.8809693
HR;Croatia;Licko-Senjska;44.6192218;15.4701608
HR;Croatia;Medimurska;46.3766644;16.4213298
HR;Croatia;Osjecko-Baranjska;45.5576428;18.3942141
HR;Croatia;Pozesko-Slavonska;45.3417868;17.8114359
HR;Croatia;Primorsko-Goranska;45.31739959999999;14.8167466
HR;Croatia;Sibensko-Kninska;43.9281485;16.1037694
HR;Croatia;Sisacko-Moslavacka;45.3837926;16.5380995
HR;Croatia;Splitsko-Dalmatinska;43.5240328;16.8178377
HR;Croatia;Varazdinska;46.23174729999999;16.3360558
HR;Croatia;Viroviticko-Podravska;45.6557985;17.7932472
HR;Croatia;Vukovarsko-Srijemska;45.1773552;18.8053527
HR;Croatia;Zadarska;44.146939;15.6164943
HR;Croatia;Zagrebacka;45.8706612;16.395491
HT;Haiti;Artibonite;19.362902;-72.4258145
HT;Haiti;Centre;18.9582742;-72.0468164
HT;Haiti;Grand' Anse;18.5489259;-74.07701
HT;Haiti;Nippes;18.3990735;-73.4180211
HT;Haiti;Nord;19.5687715;-72.189
HT;Haiti;Nord-Est;19.4889723;-71.8571331
HT;Haiti;Nord-Ouest;19.8374009;-73.0405277
HT;Haiti;Ouest;18.4957015;-72.4731529
HT;Haiti;Sud;18.3320005;-73.7007088
HT;Haiti;Sud-Est;18.2783598;-72.35479149999999
HU;Hungary;Bacs-Kiskun;46.5661437;19.4272464
HU;Hungary;Baranya;46.0484585;18.2719173
HU;Hungary;Bekes;46.7711185;21.1289753
HU;Hungary;Borsod-Abauj-Zemplen;48.2939401;20.6934113
HU;Hungary;Budapest;47.497912;19.040235
HU;Hungary;Csongrad;46.7084264;20.1436061
HU;Hungary;Fejer;47.1217932;18.5294815
HU;Hungary;Gyor-Moson-Sopron;47.6509285;17.2505883
HU;Hungary;Hajdu-Bihar;47.4688355;21.5453228
HU;Hungary;Heves;47.5971694;20.280156
HU;Hungary;Jasz-Nagykun-Szolnok;47.2555579;20.5232456
HU;Hungary;Komarom-Esztergom;47.7390852;18.1267006
HU;Hungary;Nograd;47.90410310000001;19.0498504
HU;Hungary;Pest;47.44800009999999;19.4618128
HU;Hungary;Somogy;46.554859;17.5866732
HU;Hungary;Szabolcs-Szatmar-Bereg;48.0394954;22.00333
HU;Hungary;Tolna;46.4258265;18.7752069
HU;Hungary;Vas;47.09291109999999;16.6812183
HU;Hungary;Veszprem;47.1028087;17.9093019
HU;Hungary;Zala;46.73844039999999;16.9152252
ID;Indonesia;Aceh;4.695135;96.7493993
ID;Indonesia;Bali;-8.4095178;115.188916
ID;Indonesia;Banten;-6.4058172;106.0640179
ID;Indonesia;Bengkulu;-3.792845099999999;102.2607641
ID;Indonesia;Gorontalo;0.5435441999999999;123.0567693
ID;Indonesia;Jakarta Raya;-6.1744651;106.822745
ID;Indonesia;Jambi;-1.6101229;103.6131203
ID;Indonesia;Jawa Barat;-7.090910999999999;107.668887
ID;Indonesia;Jawa Tengah;-7.150975;110.1402594
ID;Indonesia;Jawa Timur;-7.5360639;112.2384017
ID;Indonesia;Kalimantan Barat;-0.2787808;111.4752851
ID;Indonesia;Kalimantan Selatan;-3.0926415;115.2837585
ID;Indonesia;Kalimantan Tengah;-1.6814878;113.3823545
ID;Indonesia;Kalimantan Timur;0.5386586;116.419389
ID;Indonesia;Kepulauan Bangka Belitung;-2.7410513;106.4405872
ID;Indonesia;Kepulauan Riau;3.9456514;108.1428669
ID;Indonesia;Lampung;-4.5585849;105.4068079
ID;Indonesia;Maluku;-3.2384616;130.1452734
ID;Indonesia;Maluku Utara;1.5709993;127.8087693
ID;Indonesia;Nusa Tenggara Barat;-8.6529334;117.3616476
ID;Indonesia;Nusa Tenggara Timur;-8.657381899999999;121.0793705
ID;Indonesia;Papua;-4.269928;138.0803529
ID;Indonesia;Riau;0.2933469;101.7068294
ID;Indonesia;Sulawesi Barat;-2.8441371;119.2320784
ID;Indonesia;Sulawesi Selatan;-3.6687994;119.9740534
ID;Indonesia;Sulawesi Tengah;-1.4300254;121.4456179
ID;Indonesia;Sulawesi Tenggara;-1.4300254;121.4456179
ID;Indonesia;Sulawesi Utara;0.6246932;123.9750018
ID;Indonesia;Sumatera Barat;-0.7399397;100.8000051
ID;Indonesia;Sumatera Selatan;-3.3194374;103.914399
ID;Indonesia;Sumatera Utara;2.0108563;98.9784887
ID;Indonesia;Yogyakarta;-7.7955798;110.3694896
IE;Ireland;Carlow;52.7189747;-6.8503703
IE;Ireland;Cavan;53.9897186;-7.3633319
IE;Ireland;Clare;52.86245280000001;-9.0471645
IE;Ireland;Cork;51.8968917;-8.4863157
IE;Ireland;Donegal;54.6541972;-8.110546
IE;Ireland;Dublin;53.3498053;-6.2603097
IE;Ireland;Galway;53.270668;-9.0567905
IE;Ireland;Kerry;52.15446069999999;-9.5668632
IE;Ireland;Kildare;53.1589342;-6.9095683
IE;Ireland;Kilkenny;52.6541454;-7.2447879
IE;Ireland;Laois;52.994295;-7.332300699999999
IE;Ireland;Leitrim;53.9926007;-8.0655852
IE;Ireland;Limerick;52.6680204;-8.630497499999999
IE;Ireland;Longford;53.7275564;-7.793108999999999
IE;Ireland;Louth;53.8969758;-6.467097099999999
IE;Ireland;Mayo;53.93458099999999;-9.351645600000001
IE;Ireland;Meath;53.60554800000001;-6.6564169
IE;Ireland;Monaghan;54.2492046;-6.9683132
IE;Ireland;Offaly;53.2356871;-7.7122229
IE;Ireland;Roscommon;53.6275906;-8.189095499999999
IE;Ireland;Sligo;54.27661029999999;-8.4760888
IE;Ireland;Tipperary;52.47378940000001;-8.1618514
IE;Ireland;Waterford;52.2593197;-7.110070299999999
IE;Ireland;Westmeath;53.5345308;-7.4653217
IE;Ireland;Wexford;52.336916;-6.4633381
IE;Ireland;Wicklow;52.9808207;-6.044588999999999
IL;Israel;HaDarom;30.829562;35.0388164
IL;Israel;HaMerkaz;31.9521108;34.906551
IL;Israel;HaZafon;32.8972246;35.3027226
IL;Israel;Hefa;32.8972246;35.3027226
IL;Israel;Tel Aviv;32.0852999;34.78176759999999
IL;Israel;Yerushalayim;31.768319;35.21371
IN;India;Andaman and Nicobar Islands;11.7400867;92.6586401
IN;India;Andhra Pradesh;15.9128998;79.7399875
IN;India;Arunachal Pradesh;28.2179994;94.7277528
IN;India;Assam;26.2006043;92.9375739
IN;India;Bihar;25.0960742;85.31311939999999
IN;India;Chandigarh;30.7333148;76.7794179
IN;India;Chhattisgarh;21.2786567;81.8661442
IN;India;Dadra and Nagar Haveli;20.1808672;73.0169135
IN;India;Daman and Diu;20.428283;72.8397317
IN;India;Delhi;28.6139391;77.2090212
IN;India;Goa;15.2993265;74.12399599999999
IN;India;Gujarat;22.258652;71.1923805
IN;India;Haryana;29.0587757;76.085601
IN;India;Himachal Pradesh;31.1048294;77.17339009999999
IN;India;Jammu and Kashmir;33.778175;76.57617139999999
IN;India;Jharkhand;23.6101808;85.2799354
IN;India;Karnataka;15.3172775;75.7138884
IN;India;Kerala;10.8505159;76.2710833
IN;India;Lakshadweep;10.0760115;73.6303446
IN;India;Madhya Pradesh;22.9734229;78.6568942
IN;India;Maharashtra;19.7514798;75.7138884
IN;India;Manipur;24.6637173;93.90626879999999
IN;India;Meghalaya;25.4670308;91.366216
IN;India;Mizoram;23.164543;92.9375739
IN;India;Nagaland;26.1584354;94.5624426
IN;India;Orissa;20.9516658;85.0985236
IN;India;Puducherry;11.9138598;79.8144722
IN;India;Punjab;31.1471305;75.34121789999999
IN;India;Rajasthan;27.0238036;74.21793260000001
IN;India;Sikkim;27.5329718;88.5122178
IN;India;Tamil Nadu;11.1271225;78.6568942
IN;India;Tripura;23.9408482;91.9881527
IN;India;Uttar Pradesh;26.8467088;80.9461592
IN;India;Uttarakhand;30.066753;79.01929969999999
IN;India;West Bengal;22.9867569;87.8549755
IQ;Iraq;Al Anbar;32.5597614;41.9196471
IQ;Iraq;Al Basrah;30.5081033;47.7834888
IQ;Iraq;Al Muthanna;29.9133171;45.29938620000001
IQ;Iraq;Al Qadisiyah;32.043691;45.1494505
IQ;Iraq;An Najaf;32.027376;44.3331165
IQ;Iraq;Arbil;36.2062933;44.0088697
IQ;Iraq;As Sulaymaniyah;35.5641122;45.3756114
IQ;Iraq;At Ta'mim;35.3292014;43.9436788
IQ;Iraq;Babil;32.468191;44.5501935
IQ;Iraq;Baghdad;33.3128057;44.3614875
IQ;Iraq;Dahuk;37.133389;43.1309888
IQ;Iraq;Dhi Qar;31.1042292;46.3624686
IQ;Iraq;Diyala;33.7733487;45.1494505
IQ;Iraq;Karbala';32.6068464;44.0103922
IQ;Iraq;Maysan;31.8734002;47.1362125
IQ;Iraq;Ninawa;36.229574;42.2362435
IQ;Iraq;Salah ad Din;34.5337527;43.483738
IQ;Iraq;Wasit;32.6024094;45.7520985
IR;Iran, Islamic Republic of;Ardabil;38.2747076;48.3166255
IR;Iran, Islamic Republic of;Azarbayjan-e Sharqi;38.4703541;47.0571193
IR;Iran, Islamic Republic of;Bushehr;28.97802549999999;50.8379918
IR;Iran, Islamic Republic of;Chahar Mahall va Bakhtiari;31.9614348;50.8456323
IR;Iran, Islamic Republic of;Esfahan;32.6546275;51.66798259999999
IR;Iran, Islamic Republic of;Fars;29.455793;53.0997569
IR;Iran, Islamic Republic of;Gilan;37.4651668;49.4611697
IR;Iran, Islamic Republic of;Golestan;34.3137505;47.0536816
IR;Iran, Islamic Republic of;Hamadan;34.8005397;48.5387323
IR;Iran, Islamic Republic of;Hormozgan;27.1907832;56.263594
IR;Iran, Islamic Republic of;Ilam;33.6349736;46.415281
IR;Iran, Islamic Republic of;Kerman;30.2839379;57.0833628
IR;Iran, Islamic Republic of;Khorasan-e Janubi;32.7769917;58.2256565
IR;Iran, Islamic Republic of;Khorasan-e Razavi;35.1020253;59.1041758
IR;Iran, Islamic Republic of;Khorasan-e Shemali;37.4446239;57.096136
IR;Iran, Islamic Republic of;Khuzestan;31.4360149;49.041312
IR;Iran, Islamic Republic of;Kohkiluyeh va Buyer Ahmadi;0;0
IR;Iran, Islamic Republic of;Kordestan;34.3137505;47.0536816
IR;Iran, Islamic Republic of;Lorestan;33.5278855;48.452477
IR;Iran, Islamic Republic of;Markazi;34.6243516;49.9876724
IR;Iran, Islamic Republic of;Mazandaran;36.2262393;52.5318604
IR;Iran, Islamic Republic of;Ostan-e Azarbayjan-e Gharbi;39.2130844;45.4113707
IR;Iran, Islamic Republic of;Qazvin;36.1840731;50.06737769999999
IR;Iran, Islamic Republic of;Qom;34.6399443;50.8759419
IR;Iran, Islamic Republic of;Semnan;35.578797;53.37981079999999
IR;Iran, Islamic Republic of;Sistan va Baluchestan;27.2001559;60.6392527
IR;Iran, Islamic Republic of;Tehran;35.70034220000001;51.4077075
IR;Iran, Islamic Republic of;Yazd;31.8974232;54.3568562
IR;Iran, Islamic Republic of;Zanjan;36.6830045;48.5087209
IS;Iceland;Austurland;64.8329974;-15.7433981
IS;Iceland;Hofuoborgarsvaoio;0;0
IS;Iceland;Norourland Eystra;65.4713712;-17.0280279
IS;Iceland;Norourland Vestra;65.19625049999999;-19.2425804
IS;Iceland;Suourland;64.0871261;-19.5939775
IS;Iceland;Suournes;0;0
IS;Iceland;Vestfiroir;65.91961500000001;-21.8811763
IS;Iceland;Vesturland;64.770434;-21.5341294
IT;Italy;Abruzzi;44.137727;12.264435
IT;Italy;Basilicata;40.6430766;15.9699878
IT;Italy;Calabria;39.3087714;16.3463791
IT;Italy;Campania;41.10994729999999;14.8475139
IT;Italy;Emilia-Romagna;44.5967607;11.2186396
IT;Italy;Friuli-Venezia Giulia;46.2259177;13.1033646
IT;Italy;Lazio;41.6552418;12.989615
IT;Italy;Liguria;44.3167917;8.3964938
IT;Italy;Lombardia;45.47906709999999;9.8452433
IT;Italy;Marche;43.5058744;12.989615
IT;Italy;Molise;41.63081469999999;14.4936511
IT;Italy;Piemonte;45.0522366;7.5153885
IT;Italy;Puglia;40.7928393;17.1011931
IT;Italy;Sardegna;40.1208752;9.012892599999999
IT;Italy;Sicilia;37.5999938;14.0153557
IT;Italy;Toscana;43.7710513;11.2486208
IT;Italy;Trentino-Alto Adige;46.7340955;11.2888015
IT;Italy;Umbria;42.938004;12.6216211
IT;Italy;Valle d'Aosta;45.7388878;7.426186599999999
IT;Italy;Veneto;45.76233329999999;11.690976
JM;Jamaica;Clarendon;17.9557183;-77.2405153
JM;Jamaica;Hanover;18.4097707;-78.13363799999999
JM;Jamaica;Kingston;18.0423274;-76.8028933
JM;Jamaica;Manchester;18.0669654;-77.5160788
JM;Jamaica;Portland;18.0844274;-76.4100267
JM;Jamaica;Saint Andrew;18.0028906;-76.8418246
JM;Jamaica;Saint Ann;18.3281428;-77.2405153
JM;Jamaica;Saint Catherine;18.0364134;-77.0564464
JM;Jamaica;Saint Elizabeth;18.0788461;-77.69941969999999
JM;Jamaica;Saint James;18.3923184;-77.85959629999999
JM;Jamaica;Saint Mary;18.3092711;-76.964306
JM;Jamaica;Saint Thomas;17.9700261;-76.4331698
JM;Jamaica;Trelawny;18.3526143;-77.6077865
JM;Jamaica;Westmoreland;18.2944378;-78.1564432
JO;Jordan;'Amman;31.9565783;35.9456951
JO;Jordan;Al 'Aqabah;29.7544145;35.3905046
JO;Jordan;Al Balqa';31.9676039;35.6095474
JO;Jordan;Al Karak;31.1648059;35.7618824
JO;Jordan;Al Mafraq;32.3616821;36.2193362
JO;Jordan;At Tafilah;30.83583299999999;35.612222
JO;Jordan;Az Zarqa';31.7515118;36.8680791
JO;Jordan;Irbid;32.5454418;35.8571532
JO;Jordan;Ma'an;30.1949577;35.7342418
JO;Jordan;Madaba;31.71954;35.794109
JP;Japan;Aichi;35.1801883;136.9065647
JP;Japan;Akita;39.7200079;140.1025642
JP;Japan;Aomori;40.822072;140.7473647
JP;Japan;Chiba;35.6072668;140.1062907
JP;Japan;Ehime;33.8416238;132.7656808
JP;Japan;Fukui;36.0640669;136.2194938
JP;Japan;Fukuoka;33.5903547;130.4017155
JP;Japan;Fukushima;37.7608337;140.4747282
JP;Japan;Gifu;35.4232984;136.7606537
JP;Japan;Gumma;36.3906675;139.0604061
JP;Japan;Hiroshima;34.3852029;132.4552927
JP;Japan;Hokkaido;44;143
JP;Japan;Hyogo;34.6912688;135.1830706
JP;Japan;Ibaraki;36.3418112;140.4467935
JP;Japan;Ishikawa;36.5946816;136.6255726
JP;Japan;Iwate;39.7036194;141.1526839
JP;Japan;Kagawa;34.3401491;134.0434436
JP;Japan;Kagoshima;31.5965535;130.5571158
JP;Japan;Kanagawa;35.4769011;139.6294307
JP;Japan;Kochi;33.5588035;133.5311675
JP;Japan;Kumamoto;32.8031004;130.7078911
JP;Japan;Kyoto;35.0116363;135.7680294
JP;Japan;Mie;34.7302829;136.5085883
JP;Japan;Miyagi;38.2688373;140.8721
JP;Japan;Miyazaki;31.9076736;131.4202411
JP;Japan;Nagano;36.6485496;138.1942432
JP;Japan;Nagasaki;32.7502856;129.877667
JP;Japan;Nara;34.6850869;135.8050002
JP;Japan;Niigata;37.9161924;139.0364126
JP;Japan;Oita;33.2395578;131.609272
JP;Japan;Okayama;34.6551456;133.9195019
JP;Japan;Okinawa;26.2124013;127.6809317
JP;Japan;Osaka;34.6937378;135.5021651
JP;Japan;Saga;33.2494416;130.2997942
JP;Japan;Saitama;35.8617292;139.6454822
JP;Japan;Shiga;35.0045306;135.8685899
JP;Japan;Shimane;35.4722952;133.0504997
JP;Japan;Shizuoka;34.975562;138.3827596
JP;Japan;Tochigi;36.565725;139.8835651
JP;Japan;Tokushima;34.0702703;134.5548438
JP;Japan;Tokyo;35.7090259;139.7319925
JP;Japan;Tottori;35.5011326;134.2350914
JP;Japan;Toyama;36.6959518;137.2136768
JP;Japan;Wakayama;34.2305113;135.1708083
JP;Japan;Yamagata;38.2554388;140.3396017
JP;Japan;Yamaguchi;34.178496;131.4737269
JP;Japan;Yamanashi;35.6641575;138.5684486
KE;Kenya;Central;-1.7959729;37.7020747
KE;Kenya;Coast;-1.2896282;36.7499171
KE;Kenya;Eastern;1.2692186;33.438353
KE;Kenya;Nairobi Area;-1.2915364;36.8457361
KE;Kenya;North-Eastern;-0.0190061;37.6480812
KE;Kenya;Nyanza;-1.2849963;36.8272273
KE;Kenya;Rift Valley;-0.2830282;36.0750219
KE;Kenya;Western;0.7138363999999999;35.5174033
KG;Kyrgyzstan;Batken;40.054846;70.82091439999999
KG;Kyrgyzstan;Bishkek;42.8746212;74.5697617
KG;Kyrgyzstan;Chuy;42.5655;74.4056612
KG;Kyrgyzstan;Jalal-Abad;40.9331541;72.9814877
KG;Kyrgyzstan;Naryn;41.4273946;75.98405869999999
KG;Kyrgyzstan;Osh;40.5139985;72.81609759999999
KG;Kyrgyzstan;Talas;42.5317628;72.2304571
KG;Kyrgyzstan;Ysyk-Kol;42.1859428;77.5619419
KH;Cambodia;Banteay Meanchey;13.6672596;102.8975098
KH;Cambodia;Battambang;13.09573;103.2022055
KH;Cambodia;Kampong Cham;11.9924294;105.4645408
KH;Cambodia;Kampong Chhnang;12.2613926;104.6762738
KH;Cambodia;Kampong Speu;11.6155109;104.3791912
KH;Cambodia;Kampong Thom;12.90616;105.2194808
KH;Cambodia;Kampot;10.7412089;104.1930918
KH;Cambodia;Kandal;11.5381211;104.7356874
KH;Cambodia;Kep;10.536089;104.3559158
KH;Cambodia;Koh Kong;11.5762804;103.3587288
KH;Cambodia;Kratie;12.8606299;105.9699878
KH;Cambodia;Mondulkiri;12.7879427;107.1011931
KH;Cambodia;Oddar Meanchey;14.1717195;103.6362715
KH;Cambodia;Pailin;12.9092962;102.6675575
KH;Cambodia;Phnom Penh;11.5448729;104.8921668
KH;Cambodia;Preah Sihanouk;10.7581899;103.8216261
KH;Cambodia;Preah Vihear;14.0085797;104.8454619
KH;Cambodia;Prey Veng;11.3802442;105.5005483
KH;Cambodia;Pursat;12.4651824;103.8911999
KH;Cambodia;Ratanakiri;13.8576607;107.1011931
KH;Cambodia;Siem Reap;13.3670968;103.8448134
KH;Cambodia;Stung Treng;13.576473;105.9699878
KH;Cambodia;Svay Rieng;11.0877866;105.800951
KH;Cambodia;Takeo;10.9321519;104.798771
KI;Kiribati;Gilbert Islands;-1.3611379;176.4521827
KI;Kiribati;Line Islands;0;-157
KM;Comoros;Anjouan;-12.2138145;44.4370606
KM;Comoros;Grande Comore;-11.7167338;43.3680788
KM;Comoros;Moheli;-12.3377376;43.7334089
KN;Saint Kitts and Nevis;Saint George Basseterre;17.2350612;-62.6442284
KN;Saint Kitts and Nevis;Saint Paul Charlestown;17.1346297;-62.6133816
KP;Korea, Democratic People's Republic of;Chagang-do;40.8999455;126.4607638
KP;Korea, Democratic People's Republic of;Hamgyong-bukto;41.7896835;129.6182475
KP;Korea, Democratic People's Republic of;Hamgyong-namdo;40.37253390000001;128.2988839
KP;Korea, Democratic People's Republic of;Hwanghae-bukto;38.4726332;126.3049455
KP;Korea, Democratic People's Republic of;Hwanghae-namdo;38.2007215;125.4781926
KP;Korea, Democratic People's Republic of;Kangwon-do;37.8665202;128.2039048
KP;Korea, Democratic People's Republic of;Najin Sonbong-si;42.1714752;138.1556527
KP;Korea, Democratic People's Republic of;P'yongan-bukto;40.0348425;125.3282421
KP;Korea, Democratic People's Republic of;P'yongan-namdo;39.3539178;126.168271
KP;Korea, Democratic People's Republic of;P'yongyang-si;39.0392193;125.7625241
KP;Korea, Democratic People's Republic of;Yanggang-do;41.2555845;127.9764535
KR;Korea, Republic of;Ch'ungch'ong-bukto;36.6374037;127.9668985
KR;Korea, Republic of;Ch'ungch'ong-namdo;36.5212735;126.7988864
KR;Korea, Republic of;Cheju-do;33.4996213;126.5311884
KR;Korea, Republic of;Cholla-bukto;35.7275835;126.9387574
KR;Korea, Republic of;Cholla-namdo;34.7255375;126.8139992
KR;Korea, Republic of;Inch'on-jikhalsi;37.46455;126.67435
KR;Korea, Republic of;Kangwon-do;37.8665202;128.2039048
KR;Korea, Republic of;Kwangju-jikhalsi;35.1595454;126.8526012
KR;Korea, Republic of;Kyonggi-do;37.5983211;127.1173206
KR;Korea, Republic of;Kyongsang-bukto;36.3565811;128.6892794
KR;Korea, Republic of;Kyongsang-namdo;35.2210613;128.3910462
KR;Korea, Republic of;Pusan-jikhalsi;35.1795543;129.0756416
KR;Korea, Republic of;Seoul-t'ukpyolsi;37.566535;126.9779692
KR;Korea, Republic of;Taegu-jikhalsi;35.8714354;128.601445
KR;Korea, Republic of;Taejon-jikhalsi;36.3731;127.3888
KR;Korea, Republic of;Ulsan-gwangyoksi;35.5383773;129.3113596
KW;Kuwait;Al Ahmadi;29.0853759;48.0654706
KW;Kuwait;Al Asimah;29.3342457;47.9812152
KW;Kuwait;Al Farwaniyah;29.2428445;47.9416114
KW;Kuwait;Al Jahra;29.3365728;47.6755291
KW;Kuwait;Hawalli;29.3332984;48.01589269999999
KW;Kuwait;Mubarak al Kabir;29.21224;48.0605108
KZ;Kazakhstan;Almaty;43.2220146;76.8512485
KZ;Kazakhstan;Almaty City;43.2220146;76.8512485
KZ;Kazakhstan;Aqmola;51.16052269999999;71.4703558
KZ;Kazakhstan;Aqtobe;50.2839339;57.166978
KZ;Kazakhstan;Astana;51.16052269999999;71.4703558
KZ;Kazakhstan;Atyrau;47.0944959;51.9238373
KZ;Kazakhstan;Bayqonyr;45.6232258;63.31398289999999
KZ;Kazakhstan;Mangghystau;44.590802;53.84995079999999
KZ;Kazakhstan;Pavlodar;52.2873032;76.9674023
KZ;Kazakhstan;Qaraghandy;49.8046835;73.1093826
KZ;Kazakhstan;Qostanay;53.2198089;63.6354232
KZ;Kazakhstan;Qyzylorda;44.84883139999999;65.4822686
KZ;Kazakhstan;Zhambyl;42.8983715;71.3979891
LA;Lao People's Democratic Republic;Attapu;14.93634;107.1011931
LA;Lao People's Democratic Republic;Bokeo;20.2872662;100.7097867
LA;Lao People's Democratic Republic;Bolikhamxai;18.4362924;104.4723301
LA;Lao People's Democratic Republic;Champasak;14.9030362;105.8642593
LA;Lao People's Democratic Republic;Houaphan;20.3254175;104.1001326
LA;Lao People's Democratic Republic;Khoueng Khammouan;17.6384066;105.2194808
LA;Lao People's Democratic Republic;Khoueng Phongsali;21.5919377;102.2547919
LA;Lao People's Democratic Republic;Khoueng Salavan;15.8171073;106.2522143
LA;Lao People's Democratic Republic;Khoueng Savannakhet;16.5065381;105.5943388
LA;Lao People's Democratic Republic;Khoueng Viangchan;17.9757058;102.6331035
LA;Lao People's Democratic Republic;Khoueng Xekong;15.5767446;107.0067031
LA;Lao People's Democratic Republic;Louangphrabang;20.0656229;102.6216211
LA;Lao People's Democratic Republic;Loungnamtha;20.9709135;101.4112049
LA;Lao People's Democratic Republic;Oudomxai;20.4921929;101.8891721
LA;Lao People's Democratic Republic;Xaignabouri;19.3907886;101.5248055
LA;Lao People's Democratic Republic;Xiangkhoang;19.6093003;103.7289167
LB;Lebanon;Aakk;30.5973029;31.469287
LB;Lebanon;Baalbek-Hermel;34.0156218;36.1762615
LB;Lebanon;Beqaa;34.0156218;36.1762615
LB;Lebanon;Beyrouth;33.8886289;35.4954794
LB;Lebanon;Liban-Nord;34.4080795;36.0458437
LB;Lebanon;Liban-Sud;33.3177416;35.2807624
LB;Lebanon;Mont-Liban;33.9046635;35.6969984
LB;Lebanon;Nabatiye;33.285507;35.5000999
LC;Saint Lucia;Anse-la-Raye;13.9459424;-61.0369468
LC;Saint Lucia;Castries;14.0101094;-60.98746869999999
LC;Saint Lucia;Dennery;13.9267393;-60.91909880000001
LC;Saint Lucia;Gros-Islet;14.0843578;-60.9452794
LC;Saint Lucia;Laborie;13.7761367;-61.00638499999999
LC;Saint Lucia;Micoud;13.8253242;-60.94237020000001
LC;Saint Lucia;Soufriere;13.8582085;-61.03549139999999
LC;Saint Lucia;Vieux-Fort;13.720608;-60.94964329999999
LI;Liechtenstein;Balzers;47.0655826;9.507452599999999
LI;Liechtenstein;Eschen;47.2095037;9.521990899999999
LI;Liechtenstein;Gamprin;47.213249;9.5025195
LI;Liechtenstein;Mauren;47.2189257;9.541740899999999
LI;Liechtenstein;Planken;47.1855315;9.545365
LI;Liechtenstein;Ruggell;47.2416794;9.5253353
LI;Liechtenstein;Schaan;47.167522;9.510558200000002
LI;Liechtenstein;Schellenberg;47.23968439999999;9.5511955
LI;Liechtenstein;Triesen;47.1097924;9.5248174
LI;Liechtenstein;Triesenberg;47.1181887;9.543384399999999
LI;Liechtenstein;Vaduz;47.1410303;9.5209277
LK;Sri Lanka;Sabaragamuwa;6.7395941;80.365865
LK;Sri Lanka;Uva;6.8427612;81.3399414
LR;Liberia;Bomi;6.7562926;-10.8451467
LR;Liberia;Bong;6.829501899999999;-9.367308399999999
LR;Liberia;Gbarpolu;7.495263700000001;-10.0807298
LR;Liberia;Grand Bassa;6.2308452;-9.8124935
LR;Liberia;Grand Cape Mount;7.0467758;-11.0711758
LR;Liberia;Grand Gedeh;5.9222078;-8.2212979
LR;Liberia;Grand Kru;4.7613862;-8.2212979
LR;Liberia;Lofa;8.191118399999999;-9.7232673
LR;Liberia;Margibi;6.5151875;-10.3048897
LR;Liberia;Maryland;4.7258878;-7.741670300000001
LR;Liberia;Montserrado;6.5525815;-10.5296115
LR;Liberia;Nimba;6.8427612;-8.6600586
LR;Liberia;River Cess;5.902532799999999;-9.456155
LR;Liberia;River Gee;5.2604894;-7.872159999999999
LR;Liberia;Sino;5.284466999999999;-8.941355999999999
LS;Lesotho;Berea;-29.1746723;27.8311428
LS;Lesotho;Butha-Buthe;-28.801561;28.5331038
LS;Lesotho;Leribe;-28.8638065;28.0478826
LS;Lesotho;Mafeteng;-29.8224312;27.2388161
LS;Lesotho;Maseru;-29.36321879999999;27.5143603
LS;Lesotho;Mohales Hoek;-30.1425917;27.4673845
LS;Lesotho;Mokhotlong;-29.2875557;29.06053889999999
LS;Lesotho;Qachas Nek;-30.1114565;28.678979
LS;Lesotho;Quthing;-30.4015687;27.7080133
LS;Lesotho;Thaba-Tseka;-29.5157527;28.5901895
LT;Lithuania;Alytaus Apskritis;54.2000214;24.1512634
LT;Lithuania;Kauno Apskritis;54.9872863;23.9525736
LT;Lithuania;Klaipedos Apskritis;55.6519744;21.3743956
LT;Lithuania;Marijampoles Apskritis;54.78199710000001;23.1341364
LT;Lithuania;Panevezio Apskritis;55.9748049;25.0794767
LT;Lithuania;Siauliu Apskritis;55.9985751;23.1380051
LT;Lithuania;Taurages Apskritis;55.3072586;22.357294
LT;Lithuania;Telsiu Apskritis;56.1026616;22.1113916
LT;Lithuania;Utenos Apskritis;55.53189690000001;25.7904699
LT;Lithuania;Vilniaus Apskritis;54.8086502;25.2182138
LU;Luxembourg;Diekirch;49.8671784;6.159563299999999
LU;Luxembourg;Grevenmacher;49.680841;6.440759300000001
LU;Luxembourg;Luxembourg;49.61162100000001;6.1319346
LV;Latvia;Adazu;57.06847089999999;24.3394019
LV;Latvia;Aglonas;56.2898419;26.7350888
LV;Latvia;Aizkraukles;56.5930499;25.2431539
LV;Latvia;Aizputes;56.715739;21.605305
LV;Latvia;Alojas;57.3790916;24.4201992
LV;Latvia;Aluksnes;57.42078780000001;27.0513491
LV;Latvia;Babites;56.9729605;23.8747695
LV;Latvia;Baltinavas;56.9445883;24.234842
LV;Latvia;Balvu;57.1324175;27.2655869
LV;Latvia;Bauskas;56.625957;23.7599448
LV;Latvia;Beverinas;57.54562780000001;25.4382251
LV;Latvia;Brocenu;56.9425262;23.4855785
LV;Latvia;Carnikavas;57.02402;24.12823
LV;Latvia;Cesu;57.3122672;25.3602905
LV;Latvia;Cesvaines;56.96514389999999;26.3110469
LV;Latvia;Ciblas;56.6102344;27.8696597
LV;Latvia;Daugavpils;55.874736;26.536179
LV;Latvia;Dobeles;56.6249062;23.2791069
LV;Latvia;Dundagas;57.2521055;22.5791952
LV;Latvia;Gulbenes;57.1714821;26.7522537
LV;Latvia;Iecavas;56.6268972;23.9420191
LV;Latvia;Incukalna;56.9944558;24.145636
LV;Latvia;Jaunjelgavas;56.9788064;23.8482043
LV;Latvia;Jaunpiebalgas;57.1433471;25.9951888
LV;Latvia;Jaunpils;56.72998;23.0165879
LV;Latvia;Jekabpils;56.501455;25.878299
LV;Latvia;Jelgava;56.6511091;23.7213541
LV;Latvia;Jelgavas;56.6511091;23.7213541
LV;Latvia;Jurmala;56.947079;23.6168486
LV;Latvia;Kekavas;56.91259410000001;24.1122136
LV;Latvia;Kokneses;56.6490649;25.431094
LV;Latvia;Kraslavas;55.8563448;27.0510649
LV;Latvia;Kuldigas;56.6765971;22.4796313
LV;Latvia;Liepaja;56.5046678;21.010806
LV;Latvia;Liepajas;56.6318642;23.2623432
LV;Latvia;Limbazu;57.5403227;24.7134451
LV;Latvia;Lubanas;56.7621993;26.8717994
LV;Latvia;Ludzas;56.5216623;27.7360092
LV;Latvia;Madonas;56.5236509;25.8707735
LV;Latvia;Malpils;57.0084266;24.9575208
LV;Latvia;Ogres;56.8147355;24.6044555
LV;Latvia;Olaines;56.789674;23.9295799
LV;Latvia;Ozolnieku;56.688534;23.777469
LV;Latvia;Preilu;56.290878;26.721958
LV;Latvia;Rezeknes;56.5099223;27.3331357
LV;Latvia;Riga;56.9496487;24.1051864
LV;Latvia;Rigas;56.8179332;24.5815319
LV;Latvia;Rojas;56.96134739999999;23.7313565
LV;Latvia;Ropazu;56.98126;24.1838899
LV;Latvia;Rugaju;56.9089257;26.7138732
LV;Latvia;Rundales;56.409721;24.0124139
LV;Latvia;Salacgrivas;57.75136889999999;24.3556559
LV;Latvia;Saldus;56.6653019;22.492169
LV;Latvia;Sejas;56.49502889999999;23.188744
LV;Latvia;Siguldas;57.1495626;24.8603325
LV;Latvia;Skrundas;56.9597516;21.9732349
LV;Latvia;Stopinu;56.9486534;24.1725181
LV;Latvia;Strencu;57.63016099999999;25.692493
LV;Latvia;Talsu;57.2480409;22.5873859
LV;Latvia;Tukuma;56.96966399999999;23.15319
LV;Latvia;Vainodes;56.4381974;21.5876077
LV;Latvia;Valkas;57.6272544;25.7041501
LV;Latvia;Valmieras;57.5384659;25.4263618
LV;Latvia;Varkavas;56.0711464;25.931567
LV;Latvia;Vecumnieku;56.60624809999999;24.5221787
LV;Latvia;Ventspils;57.3937216;21.5647066
LY;Libya;Al Butnan;29.7579854;23.7632828
LY;Libya;Al Jabal al Akhdar;32.4032332;21.6660725
LY;Libya;Al Jabal al Gharbi;30.26380319999999;12.8054753
LY;Libya;Al Jifarah;32.4525904;12.9435536
LY;Libya;Al Jufrah;27.9835135;16.912251
LY;Libya;Al Kufrah;23.3112389;21.8568586
LY;Libya;Al Marj;32.4982249;20.8195292
LY;Libya;Al Marqab;32.4599677;14.1001326
LY;Libya;Al Wahat;29.0466808;21.8568586
LY;Libya;An Nuqat al Khams;32.6914909;11.8891721
LY;Libya;Az Zawiyah;32.5394906;12.5298028
LY;Libya;Benghazi;32.0947711;20.1879106
LY;Libya;Darnah;32.755613;22.6377432
LY;Libya;Ghat;24.9640371;10.1759285
LY;Libya;Misratah;32.3196827;15.1025075
LY;Libya;Murzuq;25.9182262;13.9260001
LY;Libya;Nalut;31.8742348;10.9750484
LY;Libya;Sabha;27.0087129;14.4490398
LY;Libya;Surt;31.189689;16.5701927
LY;Libya;Tripoli;32.8872094;13.1913383
LY;Libya;Wadi al Hayat;26.4225926;12.6216211
LY;Libya;Wadi ash Shati';27.4891356;14.247082
MA;Morocco;Chaouia-Ouardigha;33.0473251;-7.265285799999999
MA;Morocco;Doukkala-Abda;32.5997754;-8.6600586
MA;Morocco;Fes-Boulemane;33.1870471;-4.2333355
MA;Morocco;Gharb-Chrarda-Beni Hssen;34.5434461;-5.898713900000001
MA;Morocco;Grand Casablanca;33.52059330000001;-7.5680595
MA;Morocco;Guelmim-Es Smara;28.7082053;-9.5450974
MA;Morocco;Marrakech-Tensift-Al Haouz;31.5628076;-7.959286299999999
MA;Morocco;Meknes-Tafilalet;31.9051275;-4.7277528
MA;Morocco;Oriental;33.4198879;-2.1450245
MA;Morocco;Rabat-Sale-Zemmour-Zaer;33.8175173;-6.2375947
MA;Morocco;Souss-Massa-Dr;30.4165904;-9.5895615
MA;Morocco;Tadla-Azilal;32.004262;-6.5783387
MA;Morocco;Tanger-Tetouan;35.2629558;-5.5617279
MA;Morocco;Taza-Al Hoceima-Taounate;34.2581709;-4.2333355
MC;Monaco;Monaco;43.73741099999999;7.420815999999999
MD;Moldova, Republic of;Anenii Noi;46.8795663;29.2312175
MD;Moldova, Republic of;Balti;47.7669458;27.9013789
MD;Moldova, Republic of;Basarabeasca;46.3304439;28.9758649
MD;Moldova, Republic of;Bender;46.8226814;29.4504887
MD;Moldova, Republic of;Briceni;48.3541045;27.0743465
MD;Moldova, Republic of;Cahul;45.8939404;28.1890275
MD;Moldova, Republic of;Calarasi;44.2085144;27.3137439
MD;Moldova, Republic of;Cantemir;46.2764133;28.2037819
MD;Moldova, Republic of;Causeni;46.6111905;29.3075345
MD;Moldova, Republic of;Chisinau;47.0240102;28.8313156
MD;Moldova, Republic of;Cimislia;46.526739;28.7859392
MD;Moldova, Republic of;Criuleni;47.2136114;29.1557519
MD;Moldova, Republic of;Donduseni;48.2380475;27.5987506
MD;Moldova, Republic of;Drochia;48.1177021;27.8080001
MD;Moldova, Republic of;Dubasari;47.2643942;29.1550348
MD;Moldova, Republic of;Edinet;48.1707475;27.3033857
MD;Moldova, Republic of;Falesti;47.5842836;27.6972126
MD;Moldova, Republic of;Floresti;47.8953958;28.2978416
MD;Moldova, Republic of;Gagauzia;45.983757;28.6448181
MD;Moldova, Republic of;Glodeni;47.7790156;27.5168009
MD;Moldova, Republic of;Hincesti;46.8290225;28.5900145
MD;Moldova, Republic of;Ialoveni;46.9821667;28.8365339
MD;Moldova, Republic of;Leova;46.47990890000001;28.2549345
MD;Moldova, Republic of;Nisporeni;47.07513489999999;28.1768155
MD;Moldova, Republic of;Ocnita;48.3569265;27.5479155
MD;Moldova, Republic of;Orhei;47.38604;28.8303082
MD;Moldova, Republic of;Rezina;47.7486542;28.9612499
MD;Moldova, Republic of;Riscani;47.0363888;28.8360162
MD;Moldova, Republic of;Singerei;47.6361512;28.1400955
MD;Moldova, Republic of;Soldanesti;47.850687;28.687532
MD;Moldova, Republic of;Soroca;48.1549743;28.2870783
MD;Moldova, Republic of;Stefan-Voda;46.5085933;29.6443535
MD;Moldova, Republic of;Stinga Nistrului;47.364103;29.2567586
MD;Moldova, Republic of;Straseni;47.1685771;28.507346
MD;Moldova, Republic of;Taraclia;46.5682553;29.119064
MD;Moldova, Republic of;Telenesti;47.5018198;28.3627296
MD;Moldova, Republic of;Ungheni;47.209182;27.7935978
ME;Montenegro;Opstina Bar;42.1021052;19.1014212
ME;Montenegro;Opstina Budva;42.288207;18.8393104
ME;Montenegro;Opstina Cetinje;42.3882193;18.9271903
ME;Montenegro;Opstina Danilovgrad;42.610852;19.1265819
ME;Montenegro;Opstina Herceg Novi;42.4540575;18.5302371
ME;Montenegro;Opstina Kolasin;42.8242386;19.5265246
ME;Montenegro;Opstina Kotor;42.5740261;18.6413145
ME;Montenegro;Opstina Mojkovac;43.1548763;19.1285192
ME;Montenegro;Opstina Niksic;42.7756604;18.9500839
ME;Montenegro;Opstina Podgorica;42.4304196;19.2593642
ME;Montenegro;Opstina Tivat;42.4349809;18.7066398
ME;Montenegro;Opstina Ulcinj;41.9292697;19.2176092
ME;Montenegro;Opstina Zabljak;43.1547324;19.1215118
MG;Madagascar;Antananarivo;-18.8791902;47.5079055
MG;Madagascar;Antsiranana;-12.3231349;49.2942833
MG;Madagascar;Fianarantsoa;-21.4546147;47.08750449999999
MG;Madagascar;Mahajanga;-15.6921494;46.3336857
MG;Madagascar;Toamasina;-18.1442811;49.3957836
MG;Madagascar;Toliara;-23.3516191;43.6854936
MH;Marshall Islands;Ailinglaplap Atoll;7.4253719;168.792953
MH;Marshall Islands;Ailuk Atoll;10.304809;169.9416549
MH;Marshall Islands;Arno Atoll;7.061012799999999;171.647344
MH;Marshall Islands;Aur Atoll;8.2750905;171.0975397
MH;Marshall Islands;Ebon Atoll;4.6166113;168.7249469
MH;Marshall Islands;Enewetak Atoll;11.4653625;162.189
MH;Marshall Islands;Jabat Island;7.7513905;168.9770223
MH;Marshall Islands;Jaluit Atoll;6.0090282;169.5153773
MH;Marshall Islands;Kili Island;5.6405493;169.1181599
MH;Marshall Islands;Kwajalein Atoll;9.1898235;167.4242972
MH;Marshall Islands;Lae Atoll;8.9411081;166.2363248
MH;Marshall Islands;Lib Island;8.3122222;167.405
MH;Marshall Islands;Likiep Atoll;9.925556799999999;169.1322744
MH;Marshall Islands;Majuro Atoll;7.1164214;171.1857736
MH;Marshall Islands;Maloelap Atoll;8.7735171;171.0312989
MH;Marshall Islands;Mejit Island;10.2936198;170.8709872
MH;Marshall Islands;Mili Atoll;6.1339492;171.909826
MH;Marshall Islands;Namdrik Atoll;5.616667;168.116667
MH;Marshall Islands;Namu Atoll;7.900718800000001;168.2248291
MH;Marshall Islands;Rongelap Atoll;11.3138969;166.7336521
MH;Marshall Islands;Ujae Atoll;9.0582174;165.6440842
MH;Marshall Islands;Utrik Atoll;11.2689146;169.7960523
MH;Marshall Islands;Wotho Atoll;10.1024946;165.9811564
MH;Marshall Islands;Wotje Atoll;9.448085299999999;170.0534923
MK;Macedonia, The former Yugoslav Republic of;Aracinovo;42.02538;21.5639736
MK;Macedonia, The former Yugoslav Republic of;Berovo;41.7060632;22.8552379
MK;Macedonia, The former Yugoslav Republic of;Bitola;41.0296773;21.3292164
MK;Macedonia, The former Yugoslav Republic of;Bogdanci;41.1890435;22.5839425
MK;Macedonia, The former Yugoslav Republic of;Bogovinje;41.9236371;20.9163887
MK;Macedonia, The former Yugoslav Republic of;Bosilovo;41.4389865;22.7315995
MK;Macedonia, The former Yugoslav Republic of;Brvenica;41.8722388;21.066877
MK;Macedonia, The former Yugoslav Republic of;Caska;41.5843005;21.5935195
MK;Macedonia, The former Yugoslav Republic of;Centar;41.971296;21.4261005
MK;Macedonia, The former Yugoslav Republic of;Centar Zupa;41.477765;20.5581746
MK;Macedonia, The former Yugoslav Republic of;Cesinovo;41.871767;22.2907877
MK;Macedonia, The former Yugoslav Republic of;Cucer-Sandevo;42.155026;21.4080746
MK;Macedonia, The former Yugoslav Republic of;Debar;41.5181484;20.5179228
MK;Macedonia, The former Yugoslav Republic of;Delcevo;41.9708736;22.7739599
MK;Macedonia, The former Yugoslav Republic of;Demir Hisar;41.2211251;21.2016231
MK;Macedonia, The former Yugoslav Republic of;Demir Kapija;41.4088425;22.2436177
MK;Macedonia, The former Yugoslav Republic of;Dolneni;41.425675;21.4525353
MK;Macedonia, The former Yugoslav Republic of;Drugovo;41.4408153;20.9268201
MK;Macedonia, The former Yugoslav Republic of;Gazi Baba;42.0057326;21.513443
MK;Macedonia, The former Yugoslav Republic of;Gevgelija;41.1451892;22.4997467
MK;Macedonia, The former Yugoslav Republic of;Gostivar;41.8010808;20.9086669
MK;Macedonia, The former Yugoslav Republic of;Gradsko;41.5739116;21.9494055
MK;Macedonia, The former Yugoslav Republic of;Ilinden;41.9960169;21.5626765
MK;Macedonia, The former Yugoslav Republic of;Jegunovce;42.07407200000001;21.1220478
MK;Macedonia, The former Yugoslav Republic of;Karbinci;41.8180159;22.2324758
MK;Macedonia, The former Yugoslav Republic of;Karpos;41.9871635;21.3926605
MK;Macedonia, The former Yugoslav Republic of;Kavadarci;41.4330917;22.0109582
MK;Macedonia, The former Yugoslav Republic of;Kicevo;41.5145714;20.9548651
MK;Macedonia, The former Yugoslav Republic of;Kisela Voda;41.9285186;21.4801755
MK;Macedonia, The former Yugoslav Republic of;Kocani;41.9188829;22.4163639
MK;Macedonia, The former Yugoslav Republic of;Konce;41.5099395;22.384187
MK;Macedonia, The former Yugoslav Republic of;Kratovo;42.0791732;22.1753133
MK;Macedonia, The former Yugoslav Republic of;Kriva Palanka;42.2058454;22.3307965
MK;Macedonia, The former Yugoslav Republic of;Krivogastani;41.337318;21.3292164
MK;Macedonia, The former Yugoslav Republic of;Krusevo;41.3463975;21.2339649
MK;Macedonia, The former Yugoslav Republic of;Kumanovo;42.1322895;21.7256936
MK;Macedonia, The former Yugoslav Republic of;Lipkovo;42.1561352;21.5870744
MK;Macedonia, The former Yugoslav Republic of;Lozovo;41.7818971;21.9022329
MK;Macedonia, The former Yugoslav Republic of;Makedonska Kamenica;42.020218;22.5855411
MK;Macedonia, The former Yugoslav Republic of;Makedonski Brod;41.5128269;21.2173783
MK;Macedonia, The former Yugoslav Republic of;Mogila;41.1102655;21.3778691
MK;Macedonia, The former Yugoslav Republic of;Negotino;41.4852849;22.0884632
MK;Macedonia, The former Yugoslav Republic of;Novaci;41.017989;21.6691841
MK;Macedonia, The former Yugoslav Republic of;Novo Selo;41.4135929;22.880536
MK;Macedonia, The former Yugoslav Republic of;Ohrid;41.1230977;20.8016481
MK;Macedonia, The former Yugoslav Republic of;Oslomej;41.5758391;21.022196
MK;Macedonia, The former Yugoslav Republic of;Pehcevo;41.7612426;22.8872439
MK;Macedonia, The former Yugoslav Republic of;Petrovec;41.936825;21.6122125
MK;Macedonia, The former Yugoslav Republic of;Plasnica;41.45463489999999;21.1056539
MK;Macedonia, The former Yugoslav Republic of;Prilep;41.3440827;21.5527922
MK;Macedonia, The former Yugoslav Republic of;Probistip;41.9979557;22.1760534
MK;Macedonia, The former Yugoslav Republic of;Radovis;41.6395303;22.4678884
MK;Macedonia, The former Yugoslav Republic of;Rankovce;42.1695387;22.116195
MK;Macedonia, The former Yugoslav Republic of;Resen;41.0896448;21.014024
MK;Macedonia, The former Yugoslav Republic of;Rosoman;41.5191557;21.946893
MK;Macedonia, The former Yugoslav Republic of;Saraj;41.4763245;22.7027374
MK;Macedonia, The former Yugoslav Republic of;Sopiste;41.836026;21.333318
MK;Macedonia, The former Yugoslav Republic of;Staro Nagoricane;42.2001591;21.8292787
MK;Macedonia, The former Yugoslav Republic of;Stip;41.7449383;22.1913421
MK;Macedonia, The former Yugoslav Republic of;Struga;41.1825571;20.6807753
MK;Macedonia, The former Yugoslav Republic of;Strumica;41.4390486;22.644732
MK;Macedonia, The former Yugoslav Republic of;Studenicani;41.9214181;21.53522
MK;Macedonia, The former Yugoslav Republic of;Suto Orizari;42.0290416;21.4097027
MK;Macedonia, The former Yugoslav Republic of;Sveti Nikole;41.8652776;21.9389141
MK;Macedonia, The former Yugoslav Republic of;Tearce;42.0877939;21.019031
MK;Macedonia, The former Yugoslav Republic of;Tetovo;42.0069115;20.9715269
MK;Macedonia, The former Yugoslav Republic of;Valandovo;41.329865;22.5469994
MK;Macedonia, The former Yugoslav Republic of;Vasilevo;41.5201985;22.6437026
MK;Macedonia, The former Yugoslav Republic of;Veles;41.7146715;21.7701724
MK;Macedonia, The former Yugoslav Republic of;Vevcani;41.2429043;20.5950255
MK;Macedonia, The former Yugoslav Republic of;Vinica;41.8808324;22.5105464
MK;Macedonia, The former Yugoslav Republic of;Vranestica;41.4453257;21.0259217
MK;Macedonia, The former Yugoslav Republic of;Vrapciste;41.8373501;20.8851592
MK;Macedonia, The former Yugoslav Republic of;Zajas;41.5936415;20.8852536
MK;Macedonia, The former Yugoslav Republic of;Zelenikovo;41.8854004;21.5909939
MK;Macedonia, The former Yugoslav Republic of;Zelino;41.9807452;21.0623695
MK;Macedonia, The former Yugoslav Republic of;Zrnovci;41.8228221;22.4172256
ML;Mali;Bamako;12.6392316;-8.0028892
ML;Mali;Gao;16.2639807;-0.0279867
ML;Mali;Kayes;14.4367876;-11.4452717
ML;Mali;Kidal;18.4520713;1.4096535
ML;Mali;Koulikoro;12.8662046;-7.5599321
ML;Mali;Mopti;14.4874284;-4.1974627
ML;Mali;Segou;13.4316597;-6.2482149
ML;Mali;Sikasso;11.3223834;-5.6983979
ML;Mali;Tombouctou;16.7665887;-3.0025615
MM;Myanmar;Chin State;22.3896751;93.5812692
MM;Myanmar;Irrawaddy;17.0342125;95.22666749999999
MM;Myanmar;Kachin State;25.850904;97.4381355
MM;Myanmar;Kayah State;19.2342061;97.26528580000002
MM;Myanmar;Magwe;20.1544305;94.9454803
MM;Myanmar;Mandalay;21.9588282;96.0891032
MM;Myanmar;Mon State;17.0626039;97.35165579999999
MM;Myanmar;Pegu;17.3220711;96.4663286
MM;Myanmar;Rakhine State;19.810093;93.9878427
MM;Myanmar;Sagaing;21.9159702;95.9621106
MM;Myanmar;Shan State;22.0361985;98.1338558
MM;Myanmar;Tenasserim;12.4706876;99.0128926
MM;Myanmar;Yangon;16.8660694;96.19513200000002
MN;Mongolia;Arhangay;47.8971101;100.7240165
MN;Mongolia;Bayan-Olgiy;48.3983254;89.66259149999999
MN;Mongolia;Bayanhongor;46.177215;100.7118653
MN;Mongolia;Bulgan;48.8231572;103.5218199
MN;Mongolia;Darhan-Uul;49.448929;106.2325245
MN;Mongolia;Dornod;47.4658154;115.3927119
MN;Mongolia;Dornogovi;43.9653889;109.1773459
MN;Mongolia;Dundgovi;45.5822786;106.7644209
MN;Mongolia;Dzavhan;48.2388147;96.07030189999999
MN;Mongolia;Govi-Altay;45.4511227;95.8505766
MN;Mongolia;Govisumber;46.4762754;108.5570627
MN;Mongolia;Hentiy;47.6081209;109.9372856
MN;Mongolia;Hovd;47.9795218;91.634756
MN;Mongolia;Hovsgol;50.2204484;100.3213768
MN;Mongolia;Omnogovi;43.500024;104.2861116
MN;Mongolia;Orhon;49.004705;104.3016527
MN;Mongolia;Ovorhangay;45.7624392;103.0917032
MN;Mongolia;Selenge;50.0059273;106.4434108
MN;Mongolia;Suhbaatar;46.5653163;113.5380836
MN;Mongolia;Tov;47.2124056;106.41541
MN;Mongolia;Ulaanbaatar;47.88639879999999;106.9057439
MN;Mongolia;Uvs;49.64497069999999;93.27365759999999
MR;Mauritania;Adrar;19.8652176;-12.8054753
MR;Mauritania;Assaba;16.7759558;-11.5248055
MR;Mauritania;Brakna;17.2317561;-13.1740348
MR;Mauritania;Dakhlet Nouadhibou;20.5985588;-16.2522143
MR;Mauritania;Gorgol;15.9717357;-12.6216211
MR;Mauritania;Guidimaka;15.2557331;-12.2547919
MR;Mauritania;Hodh Ech Chargui;18.6737026;-7.092877
MR;Mauritania;Hodh El Gharbi;16.6912149;-9.5450974
MR;Mauritania;Inchiri;20.0280561;-15.4068079
MR;Mauritania;Nouakchott;18.0735299;-15.9582372
MR;Mauritania;Tagant;18.5467527;-9.9018131
MR;Mauritania;Tiris Zemmour;24.5773764;-9.9018131
MR;Mauritania;Trarza;17.8664964;-14.6587821
MU;Mauritius;Black River;-20.34756;57.3651898
MU;Mauritius;Flacq;-20.2257836;57.7119274
MU;Mauritius;Grand Port;-20.3851546;57.6665742
MU;Mauritius;Moka;-20.2195243;57.502332
MU;Mauritius;Pamplemousses;-20.1094972;57.5815892
MU;Mauritius;Plaines Wilhems;-20.3054872;57.48535609999999
MU;Mauritius;Port Louis;-20.1668958;57.502332
MU;Mauritius;Riviere du Rempart;-20.0905351;57.6949177
MU;Mauritius;Savanne;-20.473953;57.48535609999999
MV;Maldives;Alifu;6.8974984;73.22851190000002
MV;Maldives;Baa;4.8709599;72.99982109999999
MV;Maldives;Dhaalu;2.6965009;72.8630855
MV;Maldives;Gaafu Dhaalu;0.2751533;73.435831
MV;Maldives;Haa Alifu;6.8974984;73.22851190000002
MV;Maldives;Haa Dhaalu;6.751373699999999;73.16608339999999
MV;Maldives;Kaafu;4.9570016;73.4595787
MV;Maldives;Laamu;1.9772276;73.536101
MV;Maldives;Maale;4.1754959;73.5093474
MV;Maldives;Meemu;2.7854064;73.42621419999999
MV;Maldives;Noonu;5.9523854;73.4151346
MV;Maldives;Raa;5.4633655;73.03472719999999
MV;Maldives;Seenu;-0.6300994999999999;73.1585626
MV;Maldives;Shaviyani;6.2869456;73.2445073
MV;Maldives;Thaa;2.209209;73.1494617
MW;Malawi;Balaka;-14.9876054;34.9561748
MW;Malawi;Blantyre;-15.7666707;35.0167866
MW;Malawi;Chikwawa;-16.0437784;34.8016945
MW;Malawi;Chiradzulu;-15.6759485;35.1406293
MW;Malawi;Chitipa;-9.7037655;33.2700253
MW;Malawi;Dedza;-14.3816618;34.3254842
MW;Malawi;Dowa;-13.6514687;33.9359756
MW;Malawi;Karonga;-9.952536;33.9248222
MW;Malawi;Kasungu;-13.0356794;33.4719832
MW;Malawi;Likoma;-12.0584005;34.7354031
MW;Malawi;Lilongwe;-13.9626121;33.7741195
MW;Malawi;Machinga;-15.1699934;35.2999779
MW;Malawi;Mangochi;-14.4861733;35.253304
MW;Malawi;Mchinji;-13.8000058;32.8930441
MW;Malawi;Mulanje;-16.0252339;35.5083136
MW;Malawi;Mwanza;-15.5997929;34.5140637
MW;Malawi;Mzimba;-11.8991825;33.5923941
MW;Malawi;Neno;-15.6850711;34.5749882
MW;Malawi;Nkhata Bay;-11.6085556;34.2949409
MW;Malawi;Nkhotakota;-12.9316863;34.2810541
MW;Malawi;Nsanje;-16.9205934;35.253304
MW;Malawi;Ntcheu;-14.8219765;34.6358702
MW;Malawi;Ntchisi;-13.2841992;33.88577470000001
MW;Malawi;Phalombe;-15.7633303;35.6587503
MW;Malawi;Rumphi;-11.0171949;33.8550829
MW;Malawi;Salima;-13.7795533;34.458641
MW;Malawi;Thyolo;-16.069257;35.1406293
MW;Malawi;Zomba;-15.3765857;35.3356518
MX;Mexico;Aguascalientes;21.8852562;-102.2915677
MX;Mexico;Baja California;30.8406338;-115.2837585
MX;Mexico;Baja California Sur;26.0444446;-111.6660725
MX;Mexico;Campeche;19.8301251;-90.5349087
MX;Mexico;Chiapas;16.7569318;-93.12923529999999
MX;Mexico;Chihuahua;28.6329957;-106.0691004
MX;Mexico;Coahuila de Zaragoza;27.058676;-101.7068294
MX;Mexico;Colima;19.2452342;-103.7240868
MX;Mexico;Distrito Federal;19.2464696;-99.1013498
MX;Mexico;Durango;24.0277202;-104.6531759
MX;Mexico;Guanajuato;21.0190145;-101.2573586
MX;Mexico;Guerrero;17.4391926;-99.54509739999999
MX;Mexico;Hidalgo;20.0910963;-98.7623874
MX;Mexico;Jalisco;20.6595382;-103.3494376
MX;Mexico;Mexico;19.4326077;-99.133208
MX;Mexico;Michoacan de Ocampo;19.5665192;-101.7068294
MX;Mexico;Morelos;18.6813049;-99.1013498
MX;Mexico;Nayarit;21.7513844;-104.8454619
MX;Mexico;Nuevo Leon;25.592172;-99.99619469999999
MX;Mexico;Oaxaca;17.0594169;-96.7216219
MX;Mexico;Puebla;19.0412967;-98.20619959999999
MX;Mexico;Queretaro de Arteaga;20.5888184;-100.3898876
MX;Mexico;Quintana Roo;19.1817393;-88.4791376
MX;Mexico;San Luis Potosi;22.1564699;-100.9855409
MX;Mexico;Sinaloa;25.825701;-108.214302
MX;Mexico;Sonora;29.2972247;-110.3308814
MX;Mexico;Tabasco;17.8409173;-92.6189273
MX;Mexico;Tamaulipas;24.26694;-98.8362755
MX;Mexico;Tlaxcala;19.3181521;-98.2375146
MX;Mexico;Veracruz-Llave;19.9284458;-96.85210200000002
MX;Mexico;Yucatan;20.7098786;-89.0943377
MX;Mexico;Zacatecas;22.7709249;-102.5832539
MY;Malaysia;Johor;1.4853682;103.7618154
MY;Malaysia;Kedah;6.1183964;100.3684595
MY;Malaysia;Kelantan;6.1253969;102.238071
MY;Malaysia;Kuala Lumpur;3.139003;101.686855
MY;Malaysia;Labuan;5.2831456;115.230825
MY;Malaysia;Melaka;2.189594;102.2500868
MY;Malaysia;Negeri Sembilan;2.7258058;101.9423782
MY;Malaysia;Pahang;3.8126318;103.3256204
MY;Malaysia;Perak;4.5921126;101.090109
MY;Malaysia;Perlis;6.444912899999999;100.2047691
MY;Malaysia;Pulau Pinang;5.4141675;100.3287589
MY;Malaysia;Putrajaya;2.926361;101.696445
MY;Malaysia;Sabah;5.978839799999999;116.0753199
MY;Malaysia;Sarawak;1.5532783;110.3592127
MY;Malaysia;Selangor;3.0738379;101.5183469
MY;Malaysia;Terengganu;5.3116916;103.1324154
MZ;Mozambique;Cabo Delgado;-12.3335474;39.3206241
MZ;Mozambique;Gaza;-23.0221928;32.7181375
MZ;Mozambique;Inhambane;-23.8879561;35.3959879
MZ;Mozambique;Manica;-19.5059787;33.438353
MZ;Mozambique;Maputo;-25.891968;32.6051351
MZ;Mozambique;Nampula;-15.1266347;39.2687161
MZ;Mozambique;Niassa;-12.7826202;36.6093926
MZ;Mozambique;Sofala;-19.2039073;34.8624166
MZ;Mozambique;Tete;-16.1328104;33.6063855
MZ;Mozambique;Zambezia;-16.5638987;36.6093926
NA;Namibia;Caprivi;-17.8193419;23.9536466
NA;Namibia;Erongo;-22.2565682;15.4068079
NA;Namibia;Hardap;-24.2310134;17.668887
NA;Namibia;Karas;-26.8429645;17.2902839
NA;Namibia;Kunene;-19.4086317;13.914399
NA;Namibia;Ohangwena;-17.5979291;16.8178377
NA;Namibia;Okavango;-18.271048;18.4276047
NA;Namibia;Omaheke;-21.8466651;19.1880047
NA;Namibia;Omusati;-18.4070294;14.8454619
NA;Namibia;Oshana;-18.4305064;15.6881788
NA;Namibia;Oshikoto;-18.4152575;16.912251
NA;Namibia;Otjozondjupa;-20.5486916;17.668887
NE;Niger;Agadez;16.9741689;7.986535
NE;Niger;Diffa;13.3132472;12.6158803
NE;Niger;Dosso;13.0504833;3.2080991
NE;Niger;Maradi;13.5009779;7.103639599999999
NE;Niger;Niamey;13.5115963;2.1253854
NE;Niger;Tahoua;14.8904575;5.2579968
NE;Niger;Tillaberi;14.6489525;2.1450245
NE;Niger;Zinder;13.8018124;8.98527
NG;Nigeria;Abia;5.430892099999999;7.524724300000001
NG;Nigeria;Adamawa;9.3250497;12.4380581
NG;Nigeria;Akwa Ibom;4.929986899999999;7.872159999999999
NG;Nigeria;Anambra;6.2757656;7.0068393
NG;Nigeria;Bauchi;10.3009641;9.8236533
NG;Nigeria;Bayelsa;4.867776699999999;5.898713900000001
NG;Nigeria;Benue;7.350825899999999;8.8362755
NG;Nigeria;Borno;11.5097479;12.9789121
NG;Nigeria;Cross River;6.167031499999999;8.6600586
NG;Nigeria;Delta;5.5324624;5.898713900000001
NG;Nigeria;Ebonyi;6.177973;7.959286299999999
NG;Nigeria;Edo;0;0
